model,disease,horizon,mae,rmse,r2,smape,recall_nz,precision_nz,mae_std_origin,mae_std_seed
catboost,hanseniase,1,0.3726796850296291,0.7414588303664817,-0.1583666279187685,186.50025338884203,0.5,0.4285714285714285,0.15174097169933,
deepar,hanseniase,1,0.9002173713246442,1.425647805858958,-0.8660201956817764,183.44560769701224,0.75,0.17647058823529413,0.24333057475112246,
gru,hanseniase,1,0.1818168129897859,0.7332760506421426,0.5063412475112985,192.74180805594796,0.3333333333333333,1.0,0.1724540206906254,
lgbm,hanseniase,1,0.3579225966134792,0.821893300114421,-0.2986211502430818,186.99544766780707,0.5833333333333334,0.4117647058823529,0.1443736277335708,
lstm,hanseniase,1,0.1966005723810843,0.7489421711737994,0.4850223151693235,193.64118536445991,0.3333333333333333,1.0,0.1603465347535857,
nhits,hanseniase,1,0.2461953397622912,1.0281747961608438,0.0294324943485451,194.6076580741693,0.25,0.75,0.2135931012862964,
prophet,hanseniase,1,0.4067814661200957,0.7991704774227912,-0.3431293619617646,188.5837330674691,0.5,0.3529411764705882,0.1275217894557029,
sarima,hanseniase,1,0.5496926889400524,1.0743822200456732,-1.6039430822215814,188.05858998651428,0.5,0.3,0.1833949976138589,
seasonal_ma3,hanseniase,1,0.4456521800678709,0.9339149886387498,-1.0648738631610306,178.20487962906762,0.5833333333333334,0.3888888888888889,0.1254411769891855,
seasonal_naive,hanseniase,1,0.3695652173913042,0.973178830332311,-1.2191610162580166,139.25796425796426,0.5833333333333334,0.4375,0.318511028635303,
tft,hanseniase,1,0.5643585913678751,1.7209823128649666,-1.7192219270838949,196.27319912386636,0.3333333333333333,0.5,0.4234165607562137,
xgboost,hanseniase,1,0.3637542936181568,0.8226859975152762,-0.148282034024307,187.01291486433175,0.5833333333333334,0.4117647058823529,0.1796461323345249,
catboost,hanseniase,3,0.4255570612616673,0.7080580657690831,0.049487970098852,182.37067471316735,0.5555555555555556,0.625,0.0769693763545972,
deepar,hanseniase,3,0.8340217171479827,1.608168954587978,-2.9088677355966057,179.57396570401298,0.6111111111111112,0.2558139534883721,0.21630666073211535,
gru,hanseniase,3,0.3834894457359635,0.9344561562967872,-0.3197919855819164,195.9138054125333,0.1666666666666666,0.75,0.1025648341913859,
lgbm,hanseniase,3,0.433091490457503,0.7609551332297051,-0.0212423681122876,182.783748543534,0.5555555555555556,0.5555555555555556,0.0941763484668528,
lstm,hanseniase,3,0.3551382013749139,0.898371415898363,-0.2198304722223096,194.9085143979309,0.1666666666666666,0.75,0.1031822019263695,
nhits,hanseniase,3,0.3141871481565748,0.8213035925473939,-0.0195184105955261,193.5655564973904,0.1666666666666666,0.75,0.1334771970374134,
prophet,hanseniase,3,0.5285264311681546,0.929053964701552,-0.4530190249855569,182.97169397083283,0.5555555555555556,0.4545454545454545,0.1410399789308097,
sarima,hanseniase,3,0.6188818448635689,1.1450041895962388,-1.205850055102652,184.33286780923692,0.5555555555555556,0.5263157894736842,0.1319811335729662,
seasonal_ma3,hanseniase,3,0.4601449315314707,0.8571239816343761,-0.2692563751806507,163.81347938308426,0.5555555555555556,0.5,0.1226187440026894,
seasonal_naive,hanseniase,3,0.5108695652173912,1.02564551421461,-0.7730357287690302,163.53174603174602,0.4444444444444444,0.4,0.0964067731568845,
tft,hanseniase,3,0.6799710512772728,1.7252316035427828,-3.4986524040612057,193.53436215889823,0.2777777777777778,0.5555555555555556,0.4125241700496407,
xgboost,hanseniase,3,0.4216648729761009,0.7042187146523238,0.0089508017195831,181.6329656178063,0.5555555555555556,0.5555555555555556,0.1234595355726325,
catboost,hanseniase,6,0.5305443231187768,1.3842431664389565,0.35182761654307,182.37014336871687,0.5625,0.6,0.2820993122203482,
deepar,hanseniase,6,1.0635869408674214,1.4798644588643715,0.5410026252033844,177.91497637347973,0.8125,0.20634920634920634,0.159657548262475,
gru,hanseniase,6,0.5014534883596151,1.9128194040360087,0.2331432249090413,195.7526947346344,0.1875,0.75,0.2254737691820793,
lgbm,hanseniase,6,0.5049113793285464,1.398753391952515,0.1442271664240402,180.38988932431016,0.625,0.5263157894736842,0.2354163666891758,
lstm,hanseniase,6,0.5003862027890361,2.0075730978417163,0.1552872368696319,196.05891516735431,0.1875,0.75,0.2560640933330063,
nhits,hanseniase,6,0.479103943450965,2.0826346147043,0.0909401305884171,194.76424079508396,0.25,1.0,0.2909914494220005,
prophet,hanseniase,6,0.5937234815354226,1.6264930948898173,-0.3489082270879867,179.94043289631088,0.5625,0.5625,0.1993315772084022,
sarima,hanseniase,6,0.7385420470764865,1.806741354567822,-0.9435036319198216,184.06532919043343,0.5,0.4210526315789473,0.2765128873364054,
seasonal_ma3,hanseniase,6,0.6594202910428462,1.8367652629600904,-1.1166576052934012,161.1739183888372,0.5,0.5333333333333333,0.170867039447758,
seasonal_naive,hanseniase,6,0.7717391304347826,2.722575140824661,-8.330601033243902,155.6019377447949,0.4375,0.5,0.2338009536942272,
tft,hanseniase,6,0.6228733505414573,1.893943459407749,0.2482034284024308,192.55730731425777,0.3125,0.5555555555555556,0.438271392751288,
xgboost,hanseniase,6,0.476105073325174,1.278688909580373,0.3669725611547838,179.76371354753573,0.625,0.5882352941176471,0.2482138817933227,
catboost,hanseniase,12,0.4041513056720933,0.6995394368153065,0.0312193783217351,170.2801173733834,0.5185185185185185,0.8235294117647058,0.0569771857568189,
deepar,hanseniase,12,0.917826079176334,2.3598816298363894,-6.727273052637288,163.85890453334255,0.6666666666666666,0.4186046511627907,0.3546467133616638,
gru,hanseniase,12,0.3719032570243067,0.8774700201285287,-0.0683422257381949,192.83101561294663,0.1481481481481481,1.0,0.1105199433109629,
lgbm,hanseniase,12,0.4039040693531128,0.7332179833227621,-0.1515077184133715,170.82727555359162,0.5185185185185185,0.8235294117647058,0.0597713158331481,
lstm,hanseniase,12,0.380586866452489,0.8866818272388205,-0.0908911910759304,193.30011086845093,0.1481481481481481,1.0,0.1050504688912536,
nhits,hanseniase,12,0.3901512000339458,0.9020828424815204,-0.1291162689470333,194.87309700629908,0.074074074074074,1.0,0.1584927661208065,
prophet,hanseniase,12,0.4637196607709252,0.8069992712685832,-0.4440952810990378,172.3984991033181,0.4074074074074074,0.6875,0.0613979338272057,
sarima,hanseniase,12,0.7096826938365628,1.4459983185066188,-3.8593181529466953,173.37163232830318,0.5185185185185185,0.7,0.1051850856552914,
seasonal_ma3,hanseniase,12,0.4420289863710818,0.8356438993558027,-0.5146610078410513,138.01528587228466,0.5925925925925926,0.5925925925925926,0.0857402845943736,
seasonal_naive,hanseniase,12,0.467391304347826,0.938262591110644,-0.9066118094472968,138.67857142857144,0.5555555555555556,0.5555555555555556,0.074253266419997,
tft,hanseniase,12,0.6679477368362967,1.5295577729985683,-2.246217319127712,192.32442907967092,0.2222222222222222,0.6666666666666666,0.3340289638016865,
xgboost,hanseniase,12,0.4134640224561419,0.7303406435225881,-0.1761080506940834,169.55490977099964,0.5555555555555556,0.7894736842105263,0.0664436912308038,
catboost,hepatite,1,0.2323508549716691,0.4698953743212316,0.0862751550598426,186.8069997389263,0.5,0.4166666666666667,0.0643283735159629,
deepar,hepatite,1,0.32423912498938,0.5869976965802705,-0.1101671593342819,181.31036980443534,0.6,0.2608695652173913,0.06916858903090602,
gru,hepatite,1,0.1670688161251851,0.5540399884671348,0.01099655353708,196.68029746923293,0.2,0.6666666666666666,0.1229806985018908,
lgbm,hepatite,1,0.2306132335766975,0.5187696703277143,-0.0494335129362641,187.6964210915985,0.4,0.5,0.0792705544141037,
lstm,hepatite,1,0.1422714514161587,0.5143235708064293,0.1477079493100067,193.9194600863112,0.3,0.75,0.1334461379762783,
nhits,hepatite,1,0.1651468760619932,0.6183721489897694,-0.2320133788982317,196.38238544492893,0.2,1.0,0.0745150689090939,
prophet,hepatite,1,0.1486273106168545,0.4333172879514708,0.3406861288433076,174.1380486929236,0.3,0.75,0.1093290789704053,
sarima,hepatite,1,0.2439816558581568,0.5580410206249654,-0.403433168068298,189.3637350005789,0.5,0.4166666666666667,0.0821810725037635,
seasonal_ma3,hepatite,1,0.2463768114862234,0.5711227461277097,-0.2093381376714534,155.35790561465882,0.6,0.375,0.1084538362588816,
seasonal_naive,hepatite,1,0.2608695652173913,0.6429099235112598,-0.9148871917739833,160.55555555555554,0.4,0.3333333333333333,0.1547402645221929,
tft,hepatite,1,0.1807214603234866,0.560914659594484,-0.0136993381292112,194.0921397326221,0.2,0.5,0.1020603964667498,
xgboost,hepatite,1,0.2434351894518603,0.5480412972371396,-0.2263632463247383,186.9510418369013,0.6,0.4615384615384615,0.0838660090119502,
catboost,hepatite,3,0.2929033105113137,0.7934507403170085,-3.1176162283456432,185.87689456125068,0.8,0.5333333333333333,0.1597083420230461,
deepar,hepatite,3,0.3297826051509575,0.7732047942061774,0.29169014366981505,186.54554359793354,0.4,0.25,0.1874911480963863,
gru,hepatite,3,0.1943507524173784,0.9112668719120756,0.0161579664822001,192.02677454835185,0.4,0.8,0.1440365365634632,
lgbm,hepatite,3,0.2954825210538506,0.8452260414454157,-5.958658992843041,185.58565722085427,0.7,0.5833333333333334,0.1787003362464366,
lstm,hepatite,3,0.1730164303398742,0.7841514474194008,0.2714923683601816,191.82116667094616,0.5,0.8333333333333334,0.1225632901909539,
nhits,hepatite,3,0.2563515611900189,0.989580990489914,-0.1602107814892062,199.0876842250184,0.1,0.5,0.082007214098609,
prophet,hepatite,3,0.2144313222853812,0.6589406021330851,-0.3386136566104856,161.08914715383253,0.5,0.625,0.1263943416209026,
sarima,hepatite,3,0.2830212500649787,0.810505693769058,-3.936037482889352,186.59099750051348,0.7,0.5384615384615384,0.1527560884002983,
seasonal_ma3,hepatite,3,0.2608695661892061,0.6998320557575657,-1.8695341564227008,161.607142505369,0.6,0.5,0.1424916067412483,
seasonal_naive,hepatite,3,0.2826086956521739,0.9526527967798482,-8.352906412961596,140.83333333333331,0.6,0.4615384615384615,0.152690634099315,
tft,hepatite,3,0.220147460962522,0.864579409336987,0.1143869952493126,194.865885141625,0.3,0.6,0.1557556853302159,
xgboost,hepatite,3,0.2870902359920918,0.7866023675209992,-3.9639563742113193,185.39045209693688,0.8,0.5714285714285714,0.1771336822084246,
catboost,hepatite,6,0.3030495206133324,0.5779132120163444,-0.432384409851184,184.6634494960723,0.4666666666666667,0.4666666666666667,0.1185869687228612,
deepar,hepatite,6,0.44195651757004467,0.7948707793574216,-0.500482806098987,181.5199836047359,0.26666666666666666,0.2222222222222222,0.1728990361364878,
gru,hepatite,6,0.3389799486789354,0.6462763120104604,0.0080850513785388,191.94681989398316,0.2,0.25,0.1693107685777345,
lgbm,hepatite,6,0.2755313091432668,0.546764241249394,-0.726031074749548,183.3363715515237,0.4666666666666667,0.5,0.1101798383987381,
lstm,hepatite,6,0.2415947314965253,0.6125501694997472,0.1089105783544086,192.4249479838889,0.2,0.5,0.1231943413411145,
nhits,hepatite,6,0.1965591063001383,0.5483762371777067,0.2858405064955132,195.81982764897876,0.1333333333333333,1.0,0.1016204856636571,
prophet,hepatite,6,0.2730233056959427,0.5780382171291465,-0.3335107202348951,174.70927289548462,0.2666666666666666,0.4,0.1092884775805938,
sarima,hepatite,6,0.261437433116399,0.5189370631585167,-0.1279693118879967,183.65160783796412,0.4666666666666667,0.4375,0.0798434597618224,
seasonal_ma3,hepatite,6,0.2934782621653183,0.5844951220608603,-0.3837852558034668,165.30663736594414,0.4,0.4285714285714285,0.1020513511885088,
seasonal_naive,hepatite,6,0.3043478260869565,0.6767827662730013,-1.0852510598834133,171.66666666666669,0.2666666666666666,0.3076923076923077,0.1122603868465917,
tft,hepatite,6,0.2394080231511065,0.6369635670162992,0.0364657785026197,192.0500233038712,0.2,0.6,0.1341856676313304,
xgboost,hepatite,6,0.2644489612076026,0.5252655978898286,-0.4663602254408147,183.14243907597216,0.5333333333333333,0.5333333333333333,0.0811431304817724,
catboost,hepatite,12,0.2627785104145394,0.6305223804394554,0.3582168936271386,185.4584356513825,0.7,0.5384615384615384,0.1246946641916681,
deepar,hepatite,12,0.373586954690678,0.9791983199652964,0.13692102340735135,190.25688052635334,0.5,0.3125,0.13104657273071402,
gru,hepatite,12,1.0459470696358562,2.172629555867914,-3.2489398701508847,185.60163069243785,0.9,0.2093023255813953,0.3106157364231523,
lgbm,hepatite,12,0.2459216096994417,0.6173906946029369,0.4293633816729993,185.5643688934844,0.8,0.6153846153846154,0.1207566731287329,
lstm,hepatite,12,0.2007524224635883,0.824723856088997,0.38775346910319,187.43513178006796,0.8,0.8,0.1132235556708701,
nhits,hepatite,12,0.2574012688771331,1.0134063597180665,0.0755648095184859,199.03180188365815,0.1,1.0,0.1201656116091693,
prophet,hepatite,12,0.2244246670472661,0.7427282192261307,0.4340794481071431,164.39635796961795,0.4,1.0,0.113780593331118,
sarima,hepatite,12,0.2628483218379096,0.6553384173408588,0.3714123644644967,186.02368561865444,0.8,0.4705882352941176,0.1220638525295677,
seasonal_ma3,hepatite,12,0.2463768131059149,0.6597437652823855,0.4142896192504581,151.68760648094522,0.6,0.375,0.1064995558561244,
seasonal_naive,hepatite,12,0.2282608695652173,0.7781962377504023,-0.0447239896731174,123.84615384615384,0.7,0.6363636363636364,0.0416272655546234,
tft,hepatite,12,0.2416327482033889,0.9039392991171982,0.2644914011572276,193.3489722757608,0.4,0.8,0.1393391333776312,
xgboost,hepatite,12,0.2381132121056156,0.6105139704066159,0.4758022468841753,185.59177637181165,0.7,0.5833333333333334,0.115211378501854,
catboost,hiv_aids,1,3.037609862573256,7.3148067076816,0.9166932257203664,71.99800204104928,1.0,0.8043478260869565,0.6811325679261895,
deepar,hiv_aids,1,2.6372826734314794,5.495016764946332,0.9560943861768614,78.55849773259276,0.9459459459459459,0.8433734939759037,0.39841758674035616,
gru,hiv_aids,1,2.879178121131408,6.296737684576101,0.9423481547101862,112.9365386635534,0.6891891891891891,0.9622641509433962,0.744637700584452,
lgbm,hiv_aids,1,2.8381935013681594,6.752846391115111,0.9293064670369762,71.84092172923059,1.0,0.8604651162790697,0.7843048153957634,
lstm,hiv_aids,1,3.0260318854072,6.607219667418676,0.9365225457176388,109.62076142386252,0.6891891891891891,0.9444444444444444,0.762022174874506,
nhits,hiv_aids,1,4.407818803517407,11.278863976967244,0.8150251312408606,151.16117729035608,0.4189189189189189,1.0,2.0413034453907364,
prophet,hiv_aids,1,3.930059927270376,9.71145639556409,0.8546343391779578,96.2731202816328,0.8243243243243243,0.8591549295774648,0.9216301538994331,
sarima,hiv_aids,1,2.5218068185697677,5.299017003397556,0.955187253605732,86.68239587547157,0.8783783783783784,0.8904109589041096,0.5933297791533254,
seasonal_ma3,hiv_aids,1,2.9275361503595887,5.49306223572057,0.9151786341290502,81.75947197357587,0.945945945945946,0.8433734939759037,1.3110401896958273,
seasonal_naive,hiv_aids,1,3.0543478260869565,6.340789709898158,0.8891130847644915,84.44877265618061,0.8513513513513513,0.8513513513513513,1.4391129207743778,
tft,hiv_aids,1,2.504828890953021,5.8827019276192845,0.9496805718747412,93.76788460665615,0.7837837837837838,0.90625,0.9834538088062924,
xgboost,hiv_aids,1,2.7533458447002843,6.191324457465697,0.9407218928508868,73.45528503681763,0.9864864864864864,0.8488372093023255,0.6044914379697862,
catboost,hiv_aids,3,2.21017902303262,3.8937290515390175,0.9706522047598534,85.35260002461109,1.0,0.7282608695652174,0.956829230517584,
deepar,hiv_aids,3,2.8258696260011713,5.854816493080445,0.9417933020977937,91.65437953172577,0.9850746268656716,0.7674418604651163,0.4742161183275168,
gru,hiv_aids,3,2.5803254685905146,5.86567233908459,0.9415772513437128,115.75231490529944,0.7313432835820896,0.9423076923076924,0.813752885229663,
lgbm,hiv_aids,3,2.419662790479003,4.58026677564096,0.9618690948372004,85.07721568503017,1.0,0.7444444444444445,0.920440396631078,
lstm,hiv_aids,3,2.5085823108218617,5.887282524531509,0.9411459786621866,110.76818074751604,0.7611940298507462,0.9444444444444444,0.8391255378151499,
nhits,hiv_aids,3,3.784160235397236,8.649162843706684,0.8729734406374533,155.40319470120352,0.417910447761194,0.9032258064516128,1.2518758124101108,
prophet,hiv_aids,3,2.9736690277937674,5.843169729909285,0.9284195049357344,100.97636641400786,0.835820895522388,0.8484848484848485,1.1113520722609729,
sarima,hiv_aids,3,2.1618790688782767,3.684073858373567,0.9758828428842192,98.95871488355502,0.8805970149253731,0.855072463768116,0.3383406443633904,
seasonal_ma3,hiv_aids,3,2.8442028300917666,4.996203239625838,0.927731805797754,93.37488663867182,0.9253731343283582,0.8157894736842105,0.5852843470790589,
seasonal_naive,hiv_aids,3,3.2934782608695654,7.09891207740761,0.8774495849324113,91.04732565428144,0.8656716417910447,0.8285714285714286,0.6850413589821187,
tft,hiv_aids,3,2.711286890488993,6.6653207822024765,0.92456228968945,99.82473672381192,0.8656716417910447,0.8529411764705882,0.938594753679732,
xgboost,hiv_aids,3,2.1639658938283506,3.8077962663608633,0.973280461716726,85.26159297273648,1.0,0.7613636363636364,0.8005789279046638,
catboost,hiv_aids,6,2.232462828328044,3.521935194763743,0.953353536352958,91.14577971721752,1.0,0.6739130434782609,0.7432943203735459,
deepar,hiv_aids,6,2.7467391374318497,5.725746633329394,0.8946622414694174,103.00966947609705,0.9354838709677419,0.6666666666666666,0.8741406591491016,
gru,hiv_aids,6,3.965991242943857,11.410801792382998,0.5816380839499956,121.56549435023388,0.7419354838709677,0.8518518518518519,1.053083881751231,
lgbm,hiv_aids,6,2.3261183823664955,3.733229649182672,0.9299594876566348,92.75525395204257,0.9838709677419356,0.6777777777777778,1.1246699925429022,
lstm,hiv_aids,6,3.9786701777615385,12.179793060096118,0.5233499542509998,120.52874041422442,0.7580645161290323,0.8545454545454545,1.592654398151047,
nhits,hiv_aids,6,3.6087404345094938,8.166022225730444,0.7857400815563067,159.8349361419136,0.4193548387096774,0.8387096774193549,1.1806239922018504,
prophet,hiv_aids,6,3.261882229841873,7.435568319488188,0.6851426302673087,123.6708636273772,0.6451612903225806,0.7407407407407407,1.5026539903206844,
sarima,hiv_aids,6,2.919051539476799,6.158878982626557,0.7977850040670653,112.86862125448188,0.8064516129032258,0.7692307692307693,1.4476738781918808,
seasonal_ma3,hiv_aids,6,3.771739131730536,9.056072761038022,0.522064241409905,102.6839432629514,0.9032258064516128,0.717948717948718,1.950567931644235,
seasonal_naive,hiv_aids,6,2.9782608695652177,6.128099208040612,0.7565603086888376,97.47062203962972,0.7903225806451613,0.7777777777777778,1.6945369799917462,
tft,hiv_aids,6,4.051892837937529,11.934621710927471,0.5423461337009471,106.33090088779396,0.8870967741935484,0.7857142857142857,1.3850069083447278,
xgboost,hiv_aids,6,2.3340485685545467,4.021517001858146,0.9319018356725874,93.31281039294475,0.967741935483871,0.6976744186046512,0.8670884973693007,
catboost,hiv_aids,12,2.504655661701287,4.145531528223686,0.956949349041785,80.91068035093919,1.0,0.782608695652174,0.7124483743200443,
deepar,hiv_aids,12,2.2106522906409656,4.109468822636507,0.9589767915324158,88.64784642766958,0.9166666666666666,0.8148148148148148,0.5537847342956913,
gru,hiv_aids,12,3.222031293979645,8.107463900866007,0.8403281741948854,115.68632602096226,0.6666666666666666,0.9056603773584906,0.8815616371425532,
lgbm,hiv_aids,12,3.269622654129792,6.564858173455278,0.8826721063154073,85.11323708853,0.9861111111111112,0.797752808988764,0.8289651581347613,
lstm,hiv_aids,12,3.1554221423101327,8.042571382323544,0.8428739863134618,107.95308776121372,0.6944444444444444,0.925925925925926,0.680351539853763,
nhits,hiv_aids,12,4.112512698467158,9.168126872915092,0.7958170503444741,163.15521232734653,0.3611111111111111,0.896551724137931,1.263269359824531,
prophet,hiv_aids,12,3.020434852526445,6.112303643060342,0.907059247708558,108.68307214026608,0.6527777777777778,0.8703703703703703,0.8021681840771492,
sarima,hiv_aids,12,3.269852933797824,5.57130573513456,0.917517233183478,108.87551910712764,0.7777777777777778,0.875,0.4997988176289446,
seasonal_ma3,hiv_aids,12,2.931159473631693,5.592670799632172,0.9052196752144502,89.05727569420257,0.9027777777777778,0.7926829268292683,0.7080591511548896,
seasonal_naive,hiv_aids,12,3.619565217391304,5.588132087647368,0.9215615246197378,114.47225572443618,0.7777777777777778,0.7777777777777778,0.5364766382283942,
tft,hiv_aids,12,3.5567745960290424,9.136713723815785,0.7972138549909993,101.49834967335693,0.8194444444444444,0.8939393939393939,0.7629474344296967,
xgboost,hiv_aids,12,3.003815887738829,5.683444319211371,0.9093173246669471,86.01643833725466,0.9722222222222222,0.8045977011494253,0.4470586848756427,
catboost,sifilis,1,2.80757135534787,5.817510830526169,0.88481162882892,82.61522153910899,0.9295774647887324,0.8571428571428571,0.4010095857295031,
deepar,sifilis,1,2.647608790182225,4.264108185001435,0.9406681949197541,92.45271426585072,0.8873239436619719,0.8289473684210527,0.4416713167231198,
gru,sifilis,1,3.598725681325873,6.749797321236269,0.8513336782026429,118.52131760149469,0.676056338028169,0.8888888888888888,0.4395313986985387,
lgbm,sifilis,1,2.6855279960186023,4.774335778746134,0.920974424547466,85.90002671866816,0.9154929577464788,0.8666666666666667,0.4671585507225314,
lstm,sifilis,1,3.993240578567301,7.714155460104904,0.8058184758968114,120.38763951641668,0.704225352112676,0.8620689655172413,0.5757799038396776,
nhits,sifilis,1,3.084180635594873,5.0607403622280485,0.9164282983160484,108.65662325070753,0.7887323943661971,0.9032258064516128,0.6601482796456484,
prophet,sifilis,1,2.732771249369576,4.615504727111828,0.92355295927573,88.67563754860277,0.9014084507042254,0.8767123287671232,0.6301149306860346,
sarima,sifilis,1,2.581582171923441,4.690911101021776,0.9204686002901384,84.64190684256046,0.9154929577464788,0.8333333333333334,0.5263687641288379,
seasonal_ma3,sifilis,1,3.0326087131448416,4.830531201531243,0.9207392119083416,98.25942686517864,0.8732394366197183,0.8266666666666667,0.6463372758455431,
seasonal_naive,sifilis,1,3.413043478260869,5.710366684088907,0.8931594448240203,96.67412550928412,0.8028169014084507,0.8636363636363636,0.7534838221191859,
tft,sifilis,1,3.273319366367043,5.964654795501775,0.8839081425723837,105.18153191526844,0.8591549295774648,0.8840579710144928,0.3174395917829216,
xgboost,sifilis,1,2.47385653756235,4.423927977513632,0.9329225792083184,84.05591814823377,0.9154929577464788,0.8666666666666667,0.3145786638661335,
catboost,sifilis,3,2.968147037141613,5.509826403325105,0.893077529217632,85.16413140546675,0.9324324324324323,0.8846153846153846,1.018830906448138,
deepar,sifilis,3,2.6924999813427744,4.458547095549846,0.9337904264697731,89.39102420295622,0.8918918918918919,0.88,0.4757988263080504,
gru,sifilis,3,3.327871395577475,6.061929387978111,0.8776072141736462,116.19390460491287,0.6756756756756757,0.925925925925926,0.8363729254430048,
lgbm,sifilis,3,2.6629361903156825,4.759969233246502,0.9164591482751312,83.7842181334327,0.918918918918919,0.8947368421052632,0.9162696776276524,
lstm,sifilis,3,3.625454719514522,6.736810019347753,0.8488379844215753,116.93517913298916,0.7297297297297297,0.9152542372881356,0.4758405943691595,
nhits,sifilis,3,3.455517309870967,5.547779699522389,0.8974885237589884,109.76564803119416,0.7702702702702703,0.9047619047619048,0.4867609022378545,
prophet,sifilis,3,2.422709693528456,4.014118384643403,0.9428837928422024,78.99073830788097,0.972972972972973,0.8674698795180723,0.6836486532259742,
sarima,sifilis,3,2.8055818600013205,4.680578134362114,0.9196204622767156,85.65066814908121,0.945945945945946,0.8974358974358975,0.8896682096308909,
seasonal_ma3,sifilis,3,2.8442029467095504,5.044170681543633,0.9106341182875468,85.65394988872714,0.918918918918919,0.8717948717948718,0.7267962819468652,
seasonal_naive,sifilis,3,3.489130434782609,6.555394366724656,0.8391873757608507,90.93104672150866,0.8783783783783784,0.8904109589041096,0.6831992276233035,
tft,sifilis,3,2.91521439084015,5.628478759076825,0.8944845302923357,96.0709363991181,0.8648648648648649,0.927536231884058,0.8313522494988625,
xgboost,sifilis,3,2.677621252996766,4.755454125288783,0.9180826891770532,83.9772407155979,0.9324324324324323,0.8734177215189873,0.849015259069705,
catboost,sifilis,6,2.4845684489670603,3.787204605228305,0.917064744657649,81.25630198944896,0.9452054794520548,0.8734177215189873,0.4825655448542118,
deepar,sifilis,6,3.3449998583604135,5.507453085010679,0.8432792441977532,99.37370454184114,0.8767123287671232,0.8205128205128205,0.542464256574907,
gru,sifilis,6,3.410360105330481,5.0262684116660425,0.8694682204790369,122.07467588642596,0.684931506849315,0.8771929824561403,1.24667311468024,
lgbm,sifilis,6,2.5081432187976724,3.618548507121414,0.9272728263217662,82.57500986745849,0.9452054794520548,0.8846153846153846,0.534399392121629,
lstm,sifilis,6,3.4469323358560127,5.541752769610374,0.841321093570036,112.381588014505,0.7534246575342466,0.9016393442622952,1.1966200412392112,
nhits,sifilis,6,2.9939025057106305,4.166733291463367,0.910295070350557,104.83829032896416,0.7808219178082192,0.9047619047619048,0.6346996454549868,
prophet,sifilis,6,2.527546587764818,3.596302587692504,0.9250746686269856,82.79692019115936,0.958904109589041,0.8974358974358975,0.3947600499971307,
sarima,sifilis,6,2.32677432101058,3.3339378548182186,0.932092354861336,81.18038297039126,0.9452054794520548,0.8734177215189873,0.6699785729367242,
seasonal_ma3,sifilis,6,2.6449275975641995,3.9141067675014702,0.9177169390562372,72.41170929839801,0.958904109589041,0.8860759493670886,0.4422071469570117,
seasonal_naive,sifilis,6,3.4130434782608696,4.865191843675133,0.8731462820814258,83.83109627003488,0.9041095890410958,0.9041095890410958,0.5596154949654443,
tft,sifilis,6,2.6511987497899208,3.843391764254792,0.923677213969037,100.61554858406905,0.8493150684931506,0.8985507246376812,0.7176205924575837,
xgboost,sifilis,6,2.3186432189591555,3.218090029961374,0.93609624828188,83.94094520654517,0.9315068493150684,0.8947368421052632,0.7395347981834476,
catboost,sifilis,12,2.9668194289900875,5.612344011121094,0.8240671736470142,80.96720528976832,0.96,0.96,0.483677568113478,
deepar,sifilis,12,3.311086970867346,5.652117705000261,0.8506795914364558,95.79652517268492,0.92,0.8625,0.8401834218205025,
gru,sifilis,12,4.0030175641857255,6.938598770903621,0.7749700496312776,103.71401136830882,0.84,0.9692307692307692,0.4854362222665861,
lgbm,sifilis,12,2.931885798812364,5.450071447931581,0.8384108539751769,82.28364200496021,0.9466666666666668,0.9594594594594594,0.3866996894391887,
lstm,sifilis,12,3.661405844638133,6.331237315416927,0.8126412587833253,109.03756039373688,0.8,0.967741935483871,0.4357758195809523,
nhits,sifilis,12,4.2113041138447365,6.812333913100945,0.7830854775503536,108.93553845378634,0.8,0.9523809523809524,0.7185436002754922,
prophet,sifilis,12,3.135601628521468,5.841658882215734,0.5916107949752079,81.52516711038606,0.9466666666666668,0.9342105263157896,0.7222611595248002,
sarima,sifilis,12,3.2903131690362226,6.287424369485253,0.5517897416563353,80.61480819227849,0.96,0.9230769230769232,0.6736413773203118,
seasonal_ma3,sifilis,12,3.413043534626132,6.3644552741586855,0.6011575448897897,80.60610678287438,0.9466666666666668,0.8875,0.7120156866914693,
seasonal_naive,sifilis,12,3.880434782608696,6.459933038657704,0.5888422571815783,76.67437238364748,0.92,0.9324324324324323,0.7925098318938342,
tft,sifilis,12,3.598212858621052,6.459841044265938,0.8049524777085513,97.65939494473623,0.8933333333333333,0.9710144927536232,0.4475310330939612,
xgboost,sifilis,12,3.132007494811779,5.791500289428777,0.7837497669457597,83.127646902618,0.9466666666666668,0.9466666666666668,0.3179525673159002,
catboost,tuberculose,1,3.0383643874879427,5.061912967284762,0.9477148500816333,67.60582718414781,1.0,0.8913043478260869,0.6655569524274687,
deepar,tuberculose,1,2.8564129060377246,5.564223551831591,0.9376678853825787,65.52994693157848,0.975609756097561,0.8888888888888888,0.5210344323139542,
gru,tuberculose,1,2.466567712238706,4.054902428724658,0.9668972909316308,73.9742188564161,0.8902439024390244,0.9125,0.7191945362356095,
lgbm,tuberculose,1,2.827261730656329,4.704861571033444,0.9536047168686004,65.94793263189554,1.0,0.8913043478260869,0.7121301341186856,
lstm,tuberculose,1,2.800061641726643,4.728085397214461,0.9549936965200732,76.45884340284326,0.8902439024390244,0.9125,0.8266688301024583,
nhits,tuberculose,1,3.330316580315729,5.408687461574984,0.9411039059540618,98.1571862409148,0.7804878048780488,0.9552238805970148,0.6540377992486365,
prophet,tuberculose,1,2.525144718781443,3.8475187731598446,0.9656427007810676,64.917095695005,0.951219512195122,0.9069767441860463,1.121584379526717,
sarima,tuberculose,1,3.081144293476625,5.482787209357829,0.9381770382281714,68.10450725637517,1.0,0.9111111111111112,0.5839696237395561,
seasonal_ma3,tuberculose,1,2.4166666975487834,3.2926207465144595,0.9763157661833126,70.6666641936501,0.926829268292683,0.9047619047619048,1.0621236956231237,
seasonal_naive,tuberculose,1,2.869565217391304,4.21870283568466,0.9584809660164268,76.32651212264855,0.902439024390244,0.9135802469135802,0.9624323313555936,
tft,tuberculose,1,2.601551520273737,4.107048967728086,0.9660404065760227,71.88349520970368,0.926829268292683,0.9156626506024096,0.8683474180637262,
xgboost,tuberculose,1,2.819172055824944,4.769571978335558,0.9516788898374496,65.80911599256919,1.0,0.9010989010989012,0.6666314677255916,
catboost,tuberculose,3,2.9221565262442937,5.346647571671627,0.9349556497394268,57.88831394284979,1.0,0.9239130434782608,0.6301339214592732,
deepar,tuberculose,3,2.969565318654413,5.206236987748006,0.9404675377667719,61.43316426179985,0.9647058823529412,0.9213483146067416,0.7061249832848202,
gru,tuberculose,3,2.964155318468566,4.832706332452395,0.9487036115857034,73.61481590908367,0.8823529411764706,0.9375,0.6472940342297236,
lgbm,tuberculose,3,3.01193874933812,5.413899577936639,0.9309148078674432,59.85180481328736,1.0,0.9239130434782608,0.9397447709949716,
lstm,tuberculose,3,2.9267226611871435,5.370112639108278,0.9366607715326892,65.42875110794682,0.9411764705882352,0.9302325581395348,0.6201112031347275,
nhits,tuberculose,3,2.9982467851318084,4.645957552150982,0.9525914738965254,93.59541141847008,0.7647058823529411,0.9558823529411764,0.6120139207155918,
prophet,tuberculose,3,2.792504531607966,4.967523146821782,0.9420993207848444,64.27452838674562,0.9176470588235294,0.951219512195122,0.9978673021562238,
sarima,tuberculose,3,2.93212714699178,5.293116435029907,0.938026361352699,61.62867079010726,0.976470588235294,0.9325842696629212,0.6693234228973878,
seasonal_ma3,tuberculose,3,2.992753622972447,5.152076545283503,0.9337070346319812,65.38810109693998,0.9647058823529412,0.9213483146067416,1.0105859155775798,
seasonal_naive,tuberculose,3,3.5434782608695654,6.004863547127314,0.9114305403486224,73.97258147836791,0.9294117647058824,0.9404761904761904,0.8641133441022519,
tft,tuberculose,3,2.9566329052752773,5.103544284052004,0.9427929235780876,66.5578987196779,0.9294117647058824,0.9404761904761904,0.6419743119122457,
xgboost,tuberculose,3,2.852163902443388,4.797964017617986,0.9474816686823254,59.9761011043273,1.0,0.9239130434782608,0.6900381840140145,
catboost,tuberculose,6,2.733911762252479,4.99450310870126,0.8477818191817382,59.2556594746907,1.0,0.9021739130434784,0.918613538971031,
deepar,tuberculose,6,2.5141304200110226,4.030302592782018,0.9401529823227159,62.18807012067339,0.9759036144578314,0.9,0.6574651408225972,
gru,tuberculose,6,3.1319996708518136,6.67933777125524,0.8356256616620721,70.29843157031193,0.9156626506024096,0.9156626506024096,0.7795222332874863,
lgbm,tuberculose,6,2.812647940456624,5.233614148251166,0.7932817589035335,60.75946974635036,1.0,0.9021739130434784,1.1355001651193477,
lstm,tuberculose,6,2.988697937588491,5.713921965100266,0.8797082576759645,63.214334581885566,0.9879518072289156,0.9111111111111112,0.6059768534513683,
nhits,tuberculose,6,3.012452516309998,5.369283344265415,0.8937815765308907,95.27351581136348,0.7710843373493976,0.9552238805970148,0.6786341892069429,
prophet,tuberculose,6,2.9097179730524925,5.673743027010326,0.7429444383807343,62.49913307995029,0.963855421686747,0.9195402298850576,1.0285181725248704,
sarima,tuberculose,6,2.692127597346173,4.429101031910391,0.8726631337493063,61.0975389209138,0.9879518072289156,0.9213483146067416,0.9001716690982156,
seasonal_ma3,tuberculose,6,3.0072463605067004,5.420103384011275,0.8611480158533749,68.66554859164917,0.9397590361445785,0.9285714285714286,1.1689523761924503,
seasonal_naive,tuberculose,6,3.217391304347826,5.115417616388218,0.8856787493328009,69.2798309996323,0.9397590361445785,0.9397590361445785,0.6574664476645655,
tft,tuberculose,6,3.162631075181391,6.13563989506938,0.8612966562785135,69.87287746718101,0.9518072289156626,0.9186046511627908,0.6793576492628892,
xgboost,tuberculose,6,2.7042186124169305,4.8031410767807285,0.8594422303766395,60.31415291830561,1.0,0.9021739130434784,1.1045145993789818,
catboost,tuberculose,12,2.8589965469399536,4.786807399987152,0.910507032590445,62.03480491580116,1.0,0.9130434782608696,0.3338957823640389,
deepar,tuberculose,12,2.8855434960645177,5.060708756665209,0.9136000269097612,61.43774603291617,0.9761904761904762,0.9111111111111111,0.7070118523326069,
gru,tuberculose,12,2.6658608511738158,4.856077115823535,0.9204459913804576,65.07391612051315,0.9285714285714286,0.9285714285714286,0.6829438422859431,
lgbm,tuberculose,12,2.7416853015563256,4.821824519338786,0.8995534218821933,60.01915322907158,1.0,0.9130434782608696,0.218040062778191,
lstm,tuberculose,12,2.68775871479074,4.553841686353298,0.9300404874075175,61.11768654033962,0.988095238095238,0.912087912087912,0.7437421011656394,
nhits,tuberculose,12,3.369979009179032,6.009669721849299,0.878159372235814,92.72918302081492,0.7619047619047619,0.9411764705882352,0.5481553665641534,
prophet,tuberculose,12,2.884204417322792,5.561466429387923,0.8348470258213584,67.03414875236687,0.9047619047619048,0.926829268292683,0.4907195339937233,
sarima,tuberculose,12,2.728161374238604,4.530977402497216,0.9224173575254568,60.98922995213142,0.9761904761904762,0.9213483146067416,0.3839220186978974,
seasonal_ma3,tuberculose,12,2.673913036675557,4.371878923399186,0.9339607126001562,60.12813407745333,0.9642857142857144,0.9101123595505618,0.5626100786810739,
seasonal_naive,tuberculose,12,3.1195652173913047,5.038373767259851,0.8974995316493901,71.3926116729616,0.9166666666666666,0.927710843373494,0.7909180455378444,
tft,tuberculose,12,2.629660725188644,4.658838606312349,0.9267772138797372,66.36718685076094,0.9523809523809524,0.9302325581395348,0.3005399563838641,
xgboost,tuberculose,12,2.9508786726257075,5.537130911653692,0.8785379285820789,59.37336025593932,1.0,0.9130434782608696,0.2293453226715339,
