model,disease,horizon,n,mae,rmse,r2,smape,mape,origin
seasonal_naive,hanseniase,1,23,0.8260869565217391,1.5463842820677165,0.30949781659388653,175.2136752136752,58.93719806763285,origin_201912
seasonal_ma3,hanseniase,1,23,0.6086956547654193,1.3548980868213552,0.4699175061241392,176.5356265034177,34.62157805184811,origin_201912
sarima,hanseniase,1,23,0.7898857222424577,1.6191456537603692,0.24298926264181853,186.64166704895342,47.79369920685635,origin_201912
lgbm,hanseniase,1,23,0.5705302261752262,1.4123896501231552,0.4239777548706444,186.9735780279247,29.217700593246356,origin_201912
catboost,hanseniase,1,23,0.5906194566714638,1.1795145553899176,0.5982676439993118,185.34416030421684,37.04028922845154,origin_201912
xgboost,hanseniase,1,23,0.6318027712404728,1.5753547108138362,0.283383316635759,187.2609311876265,32.474797192043155,origin_201912
prophet,hanseniase,1,23,0.5878888845479889,1.2710521812366498,0.5334942906721674,187.37670566375868,34.99162280500254,origin_201912
seasonal_naive,hanseniase,3,23,0.6086956521739131,1.3831281496162493,-0.709459459459459,160.47619047619045,40.94202898550724,origin_201912
seasonal_ma3,hanseniase,3,23,0.5942028994145601,1.1733761498427884,-0.23029278816135035,168.31701605503454,38.526570224675574,origin_201912
sarima,hanseniase,3,23,0.8019218295407684,1.3983422250915627,-0.7472735770485772,181.7820290998893,62.557382229715586,origin_201912
lgbm,hanseniase,3,23,0.5442348040912661,0.9714089491164041,0.1567853069966254,180.6574603438992,38.54008123829655,origin_201912
catboost,hanseniase,3,23,0.4848673972144333,0.7983381115321041,0.4304816915004429,178.40448578930875,33.44349290958319,origin_201912
xgboost,hanseniase,3,23,0.5047320116149343,0.8433826609725792,0.3644008589752693,178.04426785023514,35.82369047554507,origin_201912
prophet,hanseniase,3,23,0.7328019889209133,1.315288825575907,-0.5458815937302108,183.19811344585963,54.03276038890677,origin_201912
seasonal_naive,hanseniase,6,23,0.6956521739130435,2.359071298478354,-5.513274336283189,142.85714285714286,65.21739130434783,origin_201912
seasonal_ma3,hanseniase,6,23,0.6086956586526788,1.336951637890285,-1.091937150018642,162.69230721485332,45.893720569817916,origin_201912
sarima,hanseniase,6,23,0.8778913426010505,1.803075449280651,-2.8049156838439644,183.15458961571932,72.77967004456383,origin_201912
lgbm,hanseniase,6,23,0.5425462336183443,1.250977504051922,-0.831539280034655,175.20658298520937,44.092314226371776,origin_201912
catboost,hanseniase,6,23,0.525249021797147,0.876050592775372,0.10179470101106003,179.49015292224942,38.27218706945033,origin_201912
xgboost,hanseniase,6,23,0.5009085043616917,0.9916788578864333,-0.1509576556364156,175.43425964781937,39.36838948208353,origin_201912
prophet,hanseniase,6,23,0.5184262065117631,1.3125518745684206,-1.0162769734426926,174.99916767238216,43.56647947415131,origin_201912
seasonal_naive,hanseniase,12,23,0.4782608695652174,1.0834726777719228,0.3190789473684209,138.0952380952381,26.811594202898547,origin_201912
seasonal_ma3,hanseniase,12,23,0.3768115963624871,1.0262261369877093,0.3891325607881325,115.95959565221334,19.323671684748884,origin_201912
sarima,hanseniase,12,23,0.7792104053432527,1.8272516226725566,-0.9366785664078632,169.6245357512287,53.377599846841626,origin_201912
lgbm,hanseniase,12,23,0.34827448978569203,0.9534031104572644,0.4727531877690224,158.5221151924383,17.551999500516168,origin_201912
catboost,hanseniase,12,23,0.43554024837665256,0.9762479971201616,0.4471833110250917,162.63274383016454,23.41898987011244,origin_201912
xgboost,hanseniase,12,23,0.3497788499554862,0.9337942686665677,0.494218148632778,157.10686167163018,17.76915528959986,origin_201912
prophet,hanseniase,12,23,0.5237204787529277,1.1845428542581393,0.18611623002121014,170.6496294606653,28.167183919157075,origin_201912
seasonal_naive,hanseniase,1,23,0.34782608695652173,1.4744195615489712,-5.31868131868132,81.81818181818181,19.565217391304348,origin_202012
seasonal_ma3,hanseniase,1,23,0.42028986500657123,0.8653278686982825,-1.1764348212252065,165.75757577050652,31.884058662082836,origin_202012
sarima,hanseniase,1,23,0.5606254634406903,1.2629236193656481,-3.635946923945119,185.4532563797101,43.783306917580575,origin_202012
lgbm,hanseniase,1,23,0.3170442724802637,0.9372856551052884,-1.5534550945702925,180.01825928371568,28.282147638228455,origin_202012
catboost,hanseniase,1,23,0.3618551365813707,0.9237242318351436,-1.4800986564704206,181.59310727946414,31.85462155547069,origin_202012
xgboost,hanseniase,1,23,0.28991345842571364,0.7747096559243388,-0.7444648459873278,180.25461915969564,24.867368627177633,origin_202012
prophet,hanseniase,1,23,0.40274698293747685,0.7584101448203739,-0.6718316833431746,186.60780484874556,32.606134169032245,origin_202012
seasonal_naive,hanseniase,3,23,0.391304347826087,0.8597269536210951,-0.11714285714285744,126.984126984127,29.71014492753623,origin_202012
seasonal_ma3,hanseniase,3,23,0.3043478312699691,0.6255432504568428,0.4085714129039216,144.1269843702684,20.048309581867162,origin_202012
sarima,hanseniase,3,23,0.4964499935993682,1.1532708145754769,-1.0102507413045374,178.82167947993102,30.87803034948698,origin_202012
lgbm,hanseniase,3,23,0.3160078870682954,0.597614407333305,0.4602038961660385,173.89225293126236,20.940910532376815,origin_202012
catboost,hanseniase,3,23,0.31633913571803013,0.5244812769060542,0.5842353068644923,173.88876128137767,22.811430340952125,origin_202012
xgboost,hanseniase,3,23,0.24007925909498465,0.39075124043148457,0.7692252132158985,171.29866746651678,17.7866594514985,origin_202012
prophet,hanseniase,3,23,0.40882495079754266,0.7403365377849156,0.17158873692605914,178.0938248325272,30.36487265585997,origin_202012
seasonal_naive,hanseniase,6,23,0.4782608695652174,0.9555330859059091,-0.11290322580645151,175.51020408163265,40.21739130434783,origin_202012
seasonal_ma3,hanseniase,6,23,0.5652173900085947,1.4328782477959727,-1.5025601350705697,159.18128633569773,45.289855029272,origin_202012
sarima,hanseniase,6,23,0.5006125889232625,1.0111098685442366,-0.2461279607270288,183.46370983030553,43.55275510283916,origin_202012
lgbm,hanseniase,6,23,0.33152675550313665,0.5534427222840015,0.6266541705456501,182.776572354692,25.518595001895054,origin_202012
catboost,hanseniase,6,23,0.28880462396579437,0.4462247296038505,0.7572980796658857,181.77948418163993,23.69821342026677,origin_202012
xgboost,hanseniase,6,23,0.24382148480609708,0.349511596635133,0.8511019114734777,179.19395238432955,22.09592473733684,origin_202012
prophet,hanseniase,6,23,0.48360123210438466,0.9855772176154415,-0.18398787337763345,187.00480610166093,35.52724756608926,origin_202012
seasonal_naive,hanseniase,12,23,0.5652173913043478,1.1978241142570356,-1.4018987341772151,131.61904761904765,51.44927536231884,origin_202012
seasonal_ma3,hanseniase,12,23,0.5652173874170884,0.9194621294948578,-0.4152601626812997,149.49898500841056,46.13526539094206,origin_202012
sarima,hanseniase,12,23,0.7629639540353547,1.3856971354571297,-2.214439289848912,166.8878897684717,68.56338001139785,origin_202012
lgbm,hanseniase,12,23,0.4880293232190302,0.7456667819871531,0.06919612524509022,170.61702574751766,40.63920807600465,origin_202012
catboost,hanseniase,12,23,0.46680999860549877,0.7480675710727431,0.06319274341403058,168.09767891668338,41.717924743124655,origin_202012
xgboost,hanseniase,12,23,0.4954776078786539,0.7397819401870838,0.08383005770485763,168.73065913409386,41.89435154523539,origin_202012
prophet,hanseniase,12,23,0.4042109402933859,0.596456320715086,0.40443950824811037,160.2751782446719,37.398029905545336,origin_202012
seasonal_naive,hanseniase,1,23,0.17391304347826086,0.5107539184552492,-0.3018867924528297,150.0,17.391304347826086,origin_202112
seasonal_ma3,hanseniase,1,23,0.4492753640465114,0.8597269536210953,-2.6886792452830184,188.57142857142856,38.40579727421636,origin_202112
sarima,hanseniase,1,23,0.5001458062830827,0.858390724688281,-2.677221911001238,193.252846842118,47.50337785757754,origin_202112
lgbm,hanseniase,1,23,0.2506954247176316,0.4868302717566869,-0.18278268340383752,190.90952807639357,25.000629675188556,origin_202112
catboost,hanseniase,1,23,0.26660267617312805,0.45306974706721453,-0.024424448389563924,190.9509844608578,26.17308679031696,origin_202112
xgboost,hanseniase,1,23,0.2847810970700305,0.5293529920995649,-0.3984294173535756,191.23252460831003,28.256184510562733,origin_202112
prophet,hanseniase,1,23,0.3303246113968546,0.6312279347365708,-0.988484577906229,192.24432888491182,30.664357308383504,origin_202112
seasonal_naive,hanseniase,3,23,0.4782608695652174,0.8597269536210951,-0.7935779816513755,166.66666666666669,43.47826086956522,origin_202112
seasonal_ma3,hanseniase,3,23,0.5072463828584423,0.7955188612061046,-0.5356779209396041,166.44628100349075,44.20289915540944,origin_202112
sarima,hanseniase,3,23,0.6196196188330245,0.9485113250495231,-1.1831532346434388,178.73075440348552,54.131055871814326,origin_202112
lgbm,hanseniase,3,23,0.452317464479976,0.6555062228648892,-0.04268425663082609,181.3943043803556,39.44374875034543,origin_202112
catboost,hanseniase,3,23,0.4737616595805948,0.6876331214602586,-0.14739447177401588,182.78478308013314,41.64330325632691,origin_202112
xgboost,hanseniase,3,23,0.49328860365178273,0.720084981191291,-0.25824926189271347,182.8846901035516,42.41384965894015,origin_202112
prophet,hanseniase,3,23,0.48157614308570157,0.7263480429373743,-0.28023212222186444,175.93865182108817,41.3002140714686,origin_202112
seasonal_naive,hanseniase,6,23,0.9130434782608695,3.7821089125099183,0.14089464123524065,143.43434343434342,12.608695652173912,origin_202112
seasonal_ma3,hanseniase,6,23,0.9130434704863507,3.3107933238967666,0.3416717260044365,172.34588986312312,23.69565222574317,origin_202112
sarima,hanseniase,6,23,1.0603119011603943,3.4073293055091,0.3027210042030183,189.7886290151783,38.588275816696495,origin_202112
lgbm,hanseniase,6,23,0.8233556029173844,3.2509901977462077,0.3652398031754792,188.9108272474828,17.390442331514418,origin_202112
catboost,hanseniase,6,23,0.9277046542261543,3.643108920099226,0.20288188722062162,190.85891755223204,18.908994667531186,origin_202112
xgboost,hanseniase,6,23,0.8130140927336786,3.222459035613775,0.37633240883804653,188.8530807538037,16.73176527833161,origin_202112
prophet,hanseniase,6,23,0.8916312500237048,3.3347477941803785,0.33211090280785804,184.45646130884953,23.740279075553556,origin_202112
seasonal_naive,hanseniase,12,23,0.43478260869565216,0.7801894976054939,-1.6833333333333336,125.0,43.47826086956522,origin_202112
seasonal_ma3,hanseniase,12,23,0.3913043452345807,0.6482976593143492,-0.852777777777779,122.49999872595072,39.13043452345807,origin_202112
sarima,hanseniase,12,23,0.7430877265236948,1.479982587773654,-8.655786128332366,173.41714484828486,74.30877265236948,origin_202112
lgbm,hanseniase,12,23,0.398026429380807,0.5951988544682896,-0.5617035566219386,170.87000412139759,39.8026429380807,origin_202112
catboost,hanseniase,12,23,0.342891219354614,0.4854965080194908,-0.03907440474361845,167.25438872267674,34.289121935461395,origin_202112
xgboost,hanseniase,12,23,0.4381694008960672,0.6735045603777011,-0.9996569984784791,169.6033392350937,43.81694008960672,origin_202112
prophet,hanseniase,12,23,0.5091223348014262,0.7479601553507911,-1.466217370183073,173.1971741947045,50.91223348014262,origin_202112
seasonal_naive,hanseniase,1,23,0.13043478260869565,0.3611575592573076,0.43442622950819676,150.0,13.043478260869565,origin_202212
seasonal_ma3,hanseniase,1,23,0.3043478364529817,0.655707045414266,-0.8642988922600368,181.95488767091774,25.362319531648055,origin_202212
sarima,hanseniase,1,23,0.348113763793979,0.5570688823683946,-0.34559275658178734,186.88658967527562,34.620989296261385,origin_202212
lgbm,hanseniase,1,23,0.29342046308079534,0.4510676234725533,0.11777542213115821,190.0804252831942,27.790046964624064,origin_202212
catboost,hanseniase,1,23,0.271641470692554,0.40952678717365126,0.27278894918559893,188.11276151082924,27.0438043736324,origin_202212
xgboost,hanseniase,1,23,0.24851984773641048,0.41132663122336477,0.26638281060791613,189.30358450169504,24.748143634718396,origin_202212
prophet,hanseniase,1,23,0.30616538559806256,0.5359916488975703,-0.2456954772698221,188.10609287246027,28.90003379130456,origin_202212
seasonal_naive,hanseniase,3,23,0.5652173913043478,1.0,-1.4719626168224287,200.0,47.82608695652174,origin_202212
seasonal_ma3,hanseniase,3,23,0.4347826125829116,0.8340576650317688,-0.7196262045255704,176.36363610354337,37.681159809015796,origin_202212
sarima,hanseniase,3,23,0.5575359374811144,1.0798923936683926,-1.882722667414055,197.997008253642,48.18979533780636,origin_202212
lgbm,hanseniase,3,23,0.4198058061904744,0.8192909536042223,-0.6592744189809887,195.19097651861887,34.10843436637114,origin_202212
catboost,hanseniase,3,23,0.42726005253361105,0.8217797531779157,-0.6693706461955113,194.4046687018499,34.96463181968698,origin_202212
xgboost,hanseniase,3,23,0.44855961754270224,0.8626559760139402,-0.8395736034201216,194.30423705092156,37.00684022860251,origin_202212
prophet,hanseniase,3,23,0.49090264186846083,0.9342424525080115,-1.1575511209162115,194.65618578385636,43.56514699324019,origin_202212
seasonal_naive,hanseniase,6,23,1.0,3.7935872664044634,-27.837121212121207,160.60606060606062,56.52173913043478,origin_202212
seasonal_ma3,hanseniase,6,23,0.5507246450237606,1.2664378422573372,-2.2138048620888298,150.4761901416746,36.95652212785638,origin_202212
sarima,hanseniase,6,23,0.5153523556212388,1.0054507949373006,-1.0256918873113112,179.85438830053076,45.06458506284221,origin_202212
lgbm,hanseniase,6,23,0.3222169252753199,0.5396031437279288,0.4165539720096866,174.66557470985634,26.131346736920165,origin_202212
catboost,hanseniase,6,23,0.38041899248601113,0.5715884232773771,0.34533579827471284,177.35201881874625,31.02451171339033,origin_202212
xgboost,hanseniase,6,23,0.34667621139922866,0.5511061481861516,0.3914135799440269,175.57356140419026,28.13102402926787,origin_202212
prophet,hanseniase,6,23,0.48123523750183794,0.8730954931950293,-0.5274789643394786,173.3012965023509,37.87870600245421,origin_202212
seasonal_naive,hanseniase,12,23,0.391304347826087,0.6915640748081247,-0.8602941176470595,160.0,34.78260869565217,origin_202212
seasonal_ma3,hanseniase,12,23,0.4347826164701711,0.7485896716262945,-1.1797386516932589,164.1025641025641,41.30434860353884,origin_202212
sarima,hanseniase,12,23,0.5534686894439484,1.0910619281231342,-3.6303686271976403,183.55695894522745,51.83149804158703,origin_202212
lgbm,hanseniase,12,23,0.38128603502692215,0.6386031863783411,-0.5862766300456601,183.29995715301285,34.50442454966014,origin_202212
catboost,hanseniase,12,23,0.37136375635160823,0.5883456710488307,-0.3464241364085632,183.13565802400893,33.47167250154558,origin_202212
xgboost,hanseniase,12,23,0.37043023109436035,0.5742818048590002,-0.2828234106354903,182.77877904318095,33.54423687509868,origin_202212
prophet,hanseniase,12,23,0.4178248892359608,0.6990377547503162,-0.9007194924823987,185.47201451323065,38.455204694679885,origin_202212
seasonal_naive,hepatite,1,23,0.391304347826087,0.8597269536210951,-0.03439153439153375,186.66666666666666,29.347826086956523,origin_201912
seasonal_ma3,hepatite,1,23,0.3913043452345807,0.9453675418579969,-0.25073483726475065,163.65384541101443,27.17391281672146,origin_201912
sarima,hepatite,1,23,0.34888501941330174,0.7186529174634804,0.2772264382355286,194.59911653412107,26.35279429653587,origin_201912
lgbm,hepatite,1,23,0.3442393431525657,0.78706080722101,0.13307715913933338,186.31843570159452,25.15399166023465,origin_201912
catboost,hepatite,1,23,0.3182818865865329,0.6145342839274234,0.4714864755062462,184.19766528574084,24.588523610124387,origin_201912
xgboost,hepatite,1,23,0.3534706557250541,0.7936365545147689,0.11853068579302439,186.82992753268596,25.53773604981277,origin_201912
prophet,hepatite,1,23,0.31222510992351304,0.8929603624117166,-0.11590759914165938,189.72254480438437,18.74548220760305,origin_201912
seasonal_naive,hepatite,3,23,0.17391304347826086,0.41702882811414954,0.24590163934426257,133.33333333333331,17.391304347826086,origin_201912
seasonal_ma3,hepatite,3,23,0.13043478260869565,0.2506031360363625,0.7276867055936368,134.99999928474426,11.594202984934268,origin_201912
sarima,hepatite,3,23,0.14638629106074424,0.24480076763355244,0.7401507952772658,177.453964587312,13.35366854589774,origin_201912
lgbm,hepatite,3,23,0.1153314848507812,0.1795616991314848,0.8601948228889548,176.6976654148337,10.764580976190699,origin_201912
catboost,hepatite,3,23,0.17158401983732677,0.31232158667011006,0.5770394657248242,179.67513340283642,14.683528851751385,origin_201912
xgboost,hepatite,3,23,0.12005747968088025,0.19874279645710868,0.8287310504347539,176.65118166553086,11.560666868868081,origin_201912
prophet,hepatite,3,23,0.09929913476175983,0.2537123928435329,0.7208875531853696,132.11749532216731,8.771973431431714,origin_201912
seasonal_naive,hepatite,6,23,0.34782608695652173,0.7223151185146152,-3.6000000000000005,200.0,34.78260869565217,origin_201912
seasonal_ma3,hepatite,6,23,0.3188405801420626,0.5646596995136126,-1.8111110806465165,188.8888886405362,31.88405801420626,origin_201912
sarima,hepatite,6,23,0.252804437802284,0.48421991962727895,-1.0672344044712645,181.06316736333065,25.280443780228403,origin_201912
lgbm,hepatite,6,23,0.3707797396639215,0.7500589449828249,-3.9601545780314664,186.2320889655489,37.07797396639215,origin_201912
catboost,hepatite,6,23,0.3320969222066226,0.5933251581140643,-2.103772986330351,186.71420790778194,33.20969222066226,origin_201912
xgboost,hepatite,6,23,0.3315782713622827,0.65073775305899,-2.733502345042719,186.92183388558354,33.15782713622827,origin_201912
prophet,hepatite,6,23,0.24879527668173743,0.5250885883899479,-1.4309139262122867,177.0759131763011,24.879527668173743,origin_201912
seasonal_naive,hepatite,12,23,0.17391304347826086,0.5107539184552492,0.46511627906976716,66.66666666666666,8.695652173913043,origin_201912
seasonal_ma3,hepatite,12,23,0.188405797533367,0.47650093097198354,0.5344530636128627,93.50649291223148,11.59420292014661,origin_201912
sarima,hepatite,12,23,0.22592980243132585,0.41392654347531677,0.6486964650576706,168.0383494672267,16.993609255613613,origin_201912
lgbm,hepatite,12,23,0.21603527786853616,0.48310101104397124,0.5214670369956078,170.41946985255777,14.662336171355983,origin_201912
catboost,hepatite,12,23,0.21775107522448953,0.4385361890313381,0.6056817820593854,168.9094059250449,16.375795175847045,origin_201912
xgboost,hepatite,12,23,0.21064247130213873,0.46138268539168686,0.5635258268270531,170.0837793555653,14.476852317381164,origin_201912
prophet,hepatite,12,23,0.2830839013003286,0.6305253867762914,0.18484326619221525,153.3957684782308,19.1923884804965,origin_201912
seasonal_naive,hepatite,1,23,0.391304347826087,1.0,-3.990566037735846,200.0,34.78260869565217,origin_202012
seasonal_ma3,hepatite,1,23,0.2463768111622852,0.4963635837518964,-0.229559726872534,163.33333297570545,22.463768072750256,origin_202012
sarima,hepatite,1,23,0.1984131394477482,0.3792850889356657,0.2820712497504999,186.59581326915566,17.822535465157245,origin_202012
lgbm,hepatite,1,23,0.19913511709004936,0.39131615550804594,0.23580293911240702,189.0527668788034,17.789192593561275,origin_202012
catboost,hepatite,1,23,0.23217676545195615,0.46319337151692747,-0.07071645841234409,187.97631207813805,21.14725987181223,origin_202012
xgboost,hepatite,1,23,0.22430658723106203,0.3990913473637476,0.20513306629260952,187.7011552520339,20.66905044383653,origin_202012
prophet,hepatite,1,23,0.09726804663752402,0.2895138006349303,0.5816995343299487,176.91818178835638,7.68151569490777,origin_202012
seasonal_naive,hepatite,3,23,0.13043478260869565,0.3611575592573076,0.6208791208791208,116.66666666666666,10.869565217391305,origin_202012
seasonal_ma3,hepatite,3,23,0.1594202907189079,0.3475240238427389,0.6489621481252094,138.0952377759275,13.768116028412528,origin_202012
sarima,hepatite,3,23,0.1628675758429692,0.3144729213995143,0.7125576237511793,179.13634774464273,12.732524064369608,origin_202012
lgbm,hepatite,3,23,0.17179373754403704,0.3098001846972022,0.7210363423190961,180.5628917199863,14.13742001514115,origin_202012
catboost,hepatite,3,23,0.1582943686087444,0.2919143762338536,0.7523175405796269,179.09701098618916,13.546382223591023,origin_202012
xgboost,hepatite,3,23,0.16398354299852383,0.29333190935982195,0.7499062132596094,179.89791166281915,13.39460802871896,origin_202012
prophet,hepatite,3,23,0.14947728502221921,0.3846854743790333,0.5698738373029704,137.55862553771314,10.144944304406698,origin_202012
seasonal_naive,hepatite,6,23,0.17391304347826086,0.41702882811414954,-0.5333333333333337,160.0,17.391304347826086,origin_202012
seasonal_ma3,hepatite,6,23,0.15942029331041419,0.2865756567333154,0.27592589800004474,146.07142829933034,15.942029331041418,origin_202012
sarima,hepatite,6,23,0.1666125934894012,0.3242692273866086,0.07292281103297671,180.26487556648055,16.66125934894012,origin_202012
lgbm,hepatite,6,23,0.11788567939688072,0.2115025190421734,0.6056012678022196,176.56108355177975,11.788567939688072,origin_202012
catboost,hepatite,6,23,0.1330731166858329,0.23477687113446913,0.5140237532130565,177.8596527060373,13.30731166858329,origin_202012
xgboost,hepatite,6,23,0.1465976969946338,0.2824721883802047,0.29651343028013843,177.75850380759928,14.659769699463379,origin_202012
prophet,hepatite,6,23,0.18724592745077578,0.37648318188124397,-0.24967068534427117,173.50586142450953,18.72459274507758,origin_202012
seasonal_naive,hepatite,12,23,0.2608695652173913,0.659380473395787,-1.6136363636363629,160.0,26.08695652173913,origin_202012
seasonal_ma3,hepatite,12,23,0.20289855029271997,0.41702882707844735,-0.0454545402617168,173.33333285649618,18.8405797533367,origin_202012
sarima,hepatite,12,23,0.25177851070656354,0.4618287529545149,-0.2821384845724011,193.9335117549978,23.159072591038782,origin_202012
lgbm,hepatite,12,23,0.2345503974127629,0.42479716317526306,-0.08476637711688961,194.20676682724223,21.278951517981366,origin_202012
catboost,hepatite,12,23,0.2533712224144432,0.4864615588072714,-0.42255823518544244,194.17193381253136,23.18067350527671,origin_202012
xgboost,hepatite,12,23,0.21340054164276176,0.39113414394920926,0.08034601227541027,193.63938697049977,19.499309316439472,origin_202012
prophet,hepatite,12,23,0.06569049440354391,0.17428731418715582,0.8173984100909457,159.64983714201165,5.16231253473523,origin_202012
seasonal_naive,hepatite,1,23,0.08695652173913043,0.29488391230979427,0.23333333333333317,88.88888888888889,8.695652173913043,origin_202112
seasonal_ma3,hepatite,1,23,0.1304347813129425,0.3869863671337498,-0.32037031959604434,116.66666629413764,13.04347813129425,origin_202112
sarima,hepatite,1,23,0.16225816339015797,0.33705998170604823,-0.0016564856767260494,182.76122923097535,16.225816339015797,origin_202112
lgbm,hepatite,1,23,0.16147189469111525,0.34162017655227295,-0.028943308660061007,184.4181543683999,16.147189469111524,origin_202112
catboost,hepatite,1,23,0.16346161829410297,0.31183543203030156,0.14265554836368932,183.88873402203515,16.346161829410295,origin_202112
xgboost,hepatite,1,23,0.15057507975269918,0.3035506113452972,0.18760611566921914,182.14023291797727,15.057507975269917,origin_202112
prophet,hepatite,1,23,0.10139016502112126,0.29842685821262765,0.2148001007882161,162.06707878157783,10.139016502112126,origin_202112
seasonal_naive,hepatite,3,23,0.43478260869565216,1.3513278493843524,0.3168316831683168,180.0,20.652173913043477,origin_202112
seasonal_ma3,hepatite,3,23,0.43478261128715845,1.3003158302282598,0.36743674281256833,190.0,20.65217417219411,origin_202112
sarima,hepatite,3,23,0.4557272417865887,1.4746324187317164,0.18646954205930832,195.33991266192768,19.30582045689095,origin_202112
lgbm,hepatite,3,23,0.4781335347874131,1.437121780798315,0.22733114724542947,195.21133847336188,22.97726851417342,origin_202112
catboost,hepatite,3,23,0.49480218145057564,1.4789434717281973,0.1817059149447079,195.2191934962363,23.622493425927548,origin_202112
xgboost,hepatite,3,23,0.4991800119573979,1.4371016589593721,0.22735278411653492,195.02042877925737,25.34809775205086,origin_202112
prophet,hepatite,3,23,0.38884450354684913,1.4433536956297686,0.2206154369349289,183.6045056952609,12.904451981507343,origin_202112
seasonal_naive,hepatite,6,23,0.2608695652173913,0.5897678246195885,-0.35294117647058876,166.66666666666669,21.73913043478261,origin_202112
seasonal_ma3,hepatite,6,23,0.28985507591910986,0.5646597056329473,-0.24019609187163615,180.0,24.63768150495446,origin_202112
sarima,hepatite,6,23,0.26465401413279893,0.5074777240437602,-0.0017301159701166302,188.38840294888232,23.14052267918884,origin_202112
lgbm,hepatite,6,23,0.2901818418248302,0.5384622727232126,-0.127787621532095,188.50289570032112,25.69202203771595,origin_202112
catboost,hepatite,6,23,0.3380007413650316,0.6132953278688966,-0.4630395824213047,190.16020461073552,30.215771627272396,origin_202112
xgboost,hepatite,6,23,0.28385175886037556,0.5205633235058734,-0.05405651418636248,187.99283273772375,25.27057974720779,origin_202112
prophet,hepatite,6,23,0.2235354279941659,0.4718533697444708,0.1339740901232107,174.40360365941098,18.91845588343264,origin_202112
seasonal_naive,hepatite,12,23,0.2608695652173913,1.2510864843424485,0.41193181818181834,120.0,3.260869565217391,origin_202112
seasonal_ma3,hepatite,12,23,0.4057971057684525,1.35845892590041,0.3066603440151675,186.2068968238785,16.48550752712333,origin_202112
sarima,hepatite,12,23,0.4318628211216489,1.4679595394762557,0.19038007397279044,197.90522326681125,16.91937839039698,origin_202112
lgbm,hepatite,12,23,0.41124477097715983,1.3386227461902362,0.3267607648076254,196.80477094558438,17.539904821538617,origin_202112
catboost,hepatite,12,23,0.4367077346893458,1.3656799175316536,0.2992697542244598,196.84807582362907,19.97280987566505,origin_202112
xgboost,hepatite,12,23,0.4003924232624147,1.3549592232825507,0.3102281471695869,197.02652705995027,15.881201341424301,origin_202112
prophet,hepatite,12,23,0.3254186386802336,1.442862939740551,0.21782636231406394,188.00656854064545,6.254697570821157,origin_202112
seasonal_naive,hepatite,1,23,0.17391304347826086,0.41702882811414954,0.13207547169811384,166.66666666666666,15.217391304347828,origin_202212
seasonal_ma3,hepatite,1,23,0.21739130823508554,0.4557734917671963,-0.03668766695248471,177.7777777777778,19.56521778003029,origin_202212
sarima,hepatite,1,23,0.26637030118141974,0.7971660943946671,-2.1713738745824944,193.49878096806364,18.703121158048354,origin_202212
lgbm,hepatite,1,23,0.2176065793730597,0.5550815420295285,-0.5376708413367357,190.99632741759632,16.430293084401924,origin_202212
catboost,hepatite,1,23,0.2154831495540849,0.4900184098102741,-0.1983249452182212,191.16528756979122,17.05545482943034,origin_202212
xgboost,hepatite,1,23,0.24538843509862604,0.6958866757247444,-1.4167228530538059,191.13285164490802,17.603428449238773,origin_202212
prophet,hepatite,1,23,0.08362592088526015,0.2523681305466087,0.6821524793967249,167.84438939737583,6.936885070932584,origin_202212
seasonal_naive,hepatite,3,23,0.391304347826087,1.681096950363583,-34.59523809523809,133.33333333333331,39.130434782608695,origin_202212
seasonal_ma3,hepatite,3,23,0.3188405801420626,0.9008852329229016,-9.222222222222218,183.33333296080428,31.88405801420626,origin_202212
sarima,hepatite,3,23,0.3671038915696128,1.208116667311449,-17.38332789264516,194.43376500817152,36.710389156961284,origin_202212
lgbm,hepatite,3,23,0.4166713270331712,1.4544205011546607,-25.643198283825644,189.87073327523512,41.66713270331712,origin_202212
catboost,hepatite,3,23,0.3469326721486082,1.090623526635873,-13.981527834631732,189.5162403597409,34.69326721486082,origin_202212
xgboost,hepatite,3,23,0.3651399093315653,1.2172331053076944,-17.661815544656175,189.99228628014023,36.513990933156535,origin_202212
prophet,hepatite,3,23,0.22010436581069695,0.554010845680006,-2.865831453865211,191.07596206018874,22.010436581069694,origin_202212
seasonal_naive,hepatite,6,23,0.43478260869565216,0.9780192938436515,0.14527027027027062,160.0,25.0,origin_202212
seasonal_ma3,hepatite,6,23,0.40579709928968677,0.9220854263635656,0.24024025130424087,146.26623252391008,20.048309128353562,origin_202212
sarima,hepatite,6,23,0.3616786870411122,0.7597813815764191,0.48416446185641737,184.88998547316302,20.171123086617875,origin_202212
lgbm,hepatite,6,23,0.32327797568743494,0.6870332282493654,0.578216632763149,182.04941798844513,19.322404749715556,origin_202212
catboost,hepatite,6,23,0.40902730219584277,0.8702554909479476,0.3232511761338631,183.9197327597344,21.78730402654755,origin_202212
xgboost,hepatite,6,23,0.2957681176131186,0.6472891266142463,0.6256045271856845,179.8965858729821,18.143436015732046,origin_202212
prophet,hepatite,6,23,0.43251659065709175,0.9387277285009232,0.21256764049376697,173.8517133217169,22.54870545025012,origin_202212
seasonal_naive,hepatite,12,23,0.21739130434782608,0.6915640748081247,0.5576923076923075,148.71794871794873,11.304347826086957,origin_202212
seasonal_ma3,hepatite,12,23,0.18840579882912015,0.38698637717870155,0.861499609635519,153.70370333117467,15.362319013346799,origin_202212
sarima,hepatite,12,23,0.14182215309210033,0.2776388334573479,0.9287114033999272,184.21765798558212,11.92274358175589,origin_202212
lgbm,hepatite,12,23,0.12185599253930814,0.22304185800227702,0.9539921020056537,180.82646794855327,10.711680156515069,origin_202212
catboost,hepatite,12,23,0.1432840093298791,0.23141185638755823,0.9504742734101516,181.9043270443246,13.395841563152358,origin_202212
xgboost,hepatite,12,23,0.12801741221514734,0.23457982900301697,0.9491090012646507,181.61741210123122,11.2883114968629,origin_202212
prophet,hepatite,12,23,0.22350563380495844,0.7232372362005247,0.5162497538313475,156.5332577175839,11.139889912162696,origin_202212
seasonal_naive,hiv_aids,1,23,1.6956521739130435,2.710687382741972,0.9919445756965342,58.47016173371388,52.93252025831928,origin_201912
seasonal_ma3,hiv_aids,1,23,3.0289856869241465,5.5781670423490874,0.96588757583913,62.88758228749085,76.63027078827382,origin_201912
sarima,hiv_aids,1,23,2.8978640126145403,6.2638999298481695,0.9569850745791381,72.56917667852258,58.37133446719125,origin_201912
lgbm,hiv_aids,1,23,3.676881927278251,10.499087148032503,0.8791539015685839,49.568232968188894,40.81323872898778,origin_201912
catboost,hiv_aids,1,23,3.6875709851958303,10.291371391656876,0.8838882810072365,49.51053980834782,42.595648035830706,origin_201912
xgboost,hiv_aids,1,23,3.1173785737027293,7.781418103669801,0.9336185011243201,49.10306147913114,42.32641248143725,origin_201912
prophet,hiv_aids,1,23,4.232865246095121,10.68273937965485,0.8748891948600932,88.57880780171537,70.40855451721256,origin_201912
seasonal_naive,hiv_aids,3,23,3.739130434782609,8.16674060895245,0.9234221915465323,79.76177659253322,89.70113737194481,origin_201912
seasonal_ma3,hiv_aids,3,23,2.7826084287270256,3.5535919251646844,0.9855009175861883,93.57418445353503,112.82778835930323,origin_201912
sarima,hiv_aids,3,23,2.648205658663874,5.3790642012678305,0.9667785284796867,100.12009503884975,79.8421315687025,origin_201912
lgbm,hiv_aids,3,23,3.797181602059916,8.834808031088652,0.9103810927161143,93.69113695389785,96.91446931567114,origin_201912
catboost,hiv_aids,3,23,3.639556227505582,8.508818014472144,0.916872660715724,93.07017773926358,102.29924883217116,origin_201912
xgboost,hiv_aids,3,23,3.364442825317383,7.416066623227287,0.9368530098479445,93.41328893087837,95.5392931440367,origin_201912
prophet,hiv_aids,3,23,2.265673089416056,3.8384241636354686,0.9830834678323507,101.36122651278461,73.91478225415386,origin_201912
seasonal_naive,hiv_aids,6,23,5.478260869565218,13.698619416315042,0.15831778870612168,101.55130884411017,165.76635924462013,origin_201912
seasonal_ma3,hiv_aids,6,23,6.289855129044989,16.549734755638674,-0.22850413884157383,118.36480468731052,180.23715691054448,origin_201912
sarima,hiv_aids,6,23,5.063381837761921,11.526276031089623,0.4041011047342984,136.27285438924127,162.2724816972062,origin_201912
lgbm,hiv_aids,6,23,4.012070729699927,6.928871323172045,0.7846625624629713,119.57113343896579,182.68474848009575,origin_201912
catboost,hiv_aids,6,23,3.2035380455250246,4.435688605044026,0.9117496068417389,117.07598724520108,182.42167448985836,origin_201912
xgboost,hiv_aids,6,23,3.5890151871287306,5.86578477826589,0.8456712647672456,118.21517756584494,170.88347453661638,origin_201912
prophet,hiv_aids,6,23,5.425043346790733,14.397767965056381,0.07020996153387804,129.61045727047374,138.70483881735998,origin_201912
seasonal_naive,hiv_aids,12,23,4.304347826086956,6.082762530298219,0.8999519515835531,136.91074499370043,158.66350659256838,origin_201912
seasonal_ma3,hiv_aids,12,23,3.855072477589483,8.441901459293193,0.8072974532733631,114.53625049490878,109.11572586000126,origin_201912
sarima,hiv_aids,12,23,3.7176727691422338,6.8641358749895005,0.8725972973626626,117.84420465867362,106.91307003434164,origin_201912
lgbm,hiv_aids,12,23,4.188095967367857,7.14542399109002,0.8619415780194682,110.92943288273098,134.38726435310772,origin_201912
catboost,hiv_aids,12,23,3.174660406581279,4.535085421997186,0.9443868056688686,108.37444141486384,139.9181898746455,origin_201912
xgboost,hiv_aids,12,23,3.353583279511203,4.628948484935398,0.9420609202994221,111.96894085035555,124.79024443408039,origin_201912
prophet,hiv_aids,12,23,2.959255562594959,5.052666099069598,0.9309683751411012,112.8426254422401,77.35745691236045,origin_201912
seasonal_naive,hiv_aids,1,23,4.869565217391305,11.447422341333858,0.668911432064802,108.50718658407446,122.9048246439551,origin_202012
seasonal_ma3,hiv_aids,1,23,4.724637404732082,10.550086563039438,0.7187834865889415,104.91725112067523,115.8503232030903,origin_202012
sarima,hiv_aids,1,23,1.7212673241029615,2.488537366846392,0.9843535035455118,86.85684897224512,51.47239278138818,origin_202012
lgbm,hiv_aids,1,23,1.825176116498167,2.3239987896778374,0.9863541507714814,89.85909719860179,77.48961131917474,origin_202012
catboost,hiv_aids,1,23,2.329321402331361,3.779357516483342,0.9639118410296111,89.16389175013826,79.48615285084857,origin_202012
xgboost,hiv_aids,1,23,1.9097031277158987,2.4738295346712866,0.9845379058357322,92.02644267338238,79.83569008469829,origin_202012
prophet,hiv_aids,1,23,2.677481965258953,3.767607538599265,0.964135887528478,93.47380390976086,104.67170704232093,origin_202012
seasonal_naive,hiv_aids,3,23,4.0,11.147235960775989,0.6604262881112524,97.34957227780194,112.2832443427409,origin_202012
seasonal_ma3,hiv_aids,3,23,3.6231886278028074,9.015285955255242,0.7778948203189058,98.01450410570803,108.86419436480502,origin_202012
sarima,hiv_aids,3,23,1.9923876112569934,3.0954566602951195,0.973815207957413,99.93716612864016,77.37490617762619,origin_202012
lgbm,hiv_aids,3,23,1.8727302981054,2.783897446133741,0.9788209664320218,88.8983424824901,89.58889588712016,origin_202012
catboost,hiv_aids,3,23,1.6355812061980806,2.0711067340738425,0.9882779212411696,89.35637272713035,99.3695728392386,origin_202012
xgboost,hiv_aids,3,23,1.7434059200079546,2.2495660992081263,0.9861707957579905,89.87402677651984,86.22574446010537,origin_202012
prophet,hiv_aids,3,23,2.4054535935456727,4.608499619004769,0.9419611517703654,99.84774548527993,81.07470420595423,origin_202012
seasonal_naive,hiv_aids,6,23,2.4782608695652173,4.037864265436242,0.9341743749427603,117.17182900324816,73.97959528394311,origin_202012
seasonal_ma3,hiv_aids,6,23,4.304347610991934,12.279159288506492,0.39126422407118655,108.18652146332998,92.1212196200631,origin_202012
sarima,hiv_aids,6,23,2.3565435707569122,5.945357980726242,0.8572922434628997,108.47277358172036,55.85966486077587,origin_202012
lgbm,hiv_aids,6,23,1.8124218890534365,2.5511131040800636,0.9737245001150214,107.57621758131248,81.00482613349473,origin_202012
catboost,hiv_aids,6,23,1.5874106367386485,1.8155368341646494,0.9866923402326652,105.76958486166308,89.94564925850923,origin_202012
xgboost,hiv_aids,6,23,2.1541468514048536,4.113391429842365,0.931688843528496,107.76329681524872,75.06930729203881,origin_202012
prophet,hiv_aids,6,23,2.9969794968882284,7.9617533362008635,0.7440771891300986,117.1524726819062,59.576254671643866,origin_202012
seasonal_naive,hiv_aids,12,23,3.130434782608696,4.745707442566891,0.9248062406907172,114.073161046326,91.05118423874745,origin_202012
seasonal_ma3,hiv_aids,12,23,2.840579814237097,6.0273135008788215,0.8787093184214203,79.61021314729295,75.93216097287865,origin_202012
sarima,hiv_aids,12,23,3.2275622947060545,5.374778370701187,0.9035502745413571,109.86542592748737,105.13352568605153,origin_202012
lgbm,hiv_aids,12,23,2.8123634294078967,6.423257044411754,0.8622503582969908,66.04846377275993,68.34663772888726,origin_202012
catboost,hiv_aids,12,23,1.5003210093573949,2.249308888804986,0.9831081166691764,59.729611806942614,64.9909714419551,origin_202012
xgboost,hiv_aids,12,23,2.9265682528848234,7.187194634970379,0.8275359079840134,66.94076552874209,63.625472183831974,origin_202012
prophet,hiv_aids,12,23,1.9526745877226592,3.3159624535478933,0.9632887575454008,108.64648234155459,65.70087363296834,origin_202012
seasonal_naive,hiv_aids,1,23,3.5217391304347827,8.248847086767311,0.9082158247698702,95.32185037482277,64.1143532511819,origin_202112
seasonal_ma3,hiv_aids,1,23,1.7391303959100142,2.799240734411062,0.9894303208899725,80.57568906068668,60.237412074850596,origin_202112
sarima,hiv_aids,1,23,3.037153209093958,8.557545915245429,0.9012175530600981,99.08573506818571,43.460138633062364,origin_202112
lgbm,hiv_aids,1,23,3.1496394330332387,9.016065067178527,0.8903482976837321,80.58808888788091,43.74430245343613,origin_202112
catboost,hiv_aids,1,23,3.5494751381130287,10.538136322615518,0.8502009950417393,81.86514962775709,47.81267213879655,origin_202112
xgboost,hiv_aids,1,23,3.2548414611298107,9.239706139079189,0.8848410697278517,82.8938522422588,44.761414467701755,origin_202112
prophet,hiv_aids,1,23,3.9377579715964375,11.21950346312501,0.8302035610568116,105.4653236713705,61.0761110881665,origin_202112
seasonal_naive,hiv_aids,3,23,2.5652173913043477,3.872983346207417,0.967092166815965,103.8539735463266,65.41702507163701,origin_202112
seasonal_ma3,hiv_aids,3,23,2.768115827570791,3.9532286677061435,0.9657143884589807,94.46357932249063,70.49491205909833,origin_202112
sarima,hiv_aids,3,23,2.121762006300623,3.2757139900938617,0.9764592671334299,103.04195017219853,51.721571567991134,origin_202112
lgbm,hiv_aids,3,23,2.0034958601207906,3.3636671819063837,0.975178154732236,74.94998116807872,46.611426832867274,origin_202112
catboost,hiv_aids,3,23,1.7196989790206156,2.255645619677749,0.9888378008424104,75.06341483523983,50.19920369541022,origin_202112
xgboost,hiv_aids,3,23,1.791742611190547,3.0319617795345897,0.9798323417810313,72.76860605491562,41.91984526119192,origin_202112
prophet,hiv_aids,3,23,2.5952056010431592,4.33145796853456,0.9588399174610455,98.06214455648559,53.906723208092174,origin_202112
seasonal_naive,hiv_aids,6,23,2.217391304347826,4.308737331435318,0.9485396602496253,95.65743257138213,59.69107551487415,origin_202112
seasonal_ma3,hiv_aids,6,23,1.9855073055495387,2.6126780392344613,0.9810789863140267,98.17710787499054,81.76536482495264,origin_202112
sarima,hiv_aids,6,23,1.8815330059632012,2.4915424673681335,0.9827928399574332,102.75656838416221,79.4855306301071,origin_202112
lgbm,hiv_aids,6,23,1.7151260428798758,2.4507641122706265,0.9833514799142626,68.09610879304641,57.00380840575892,origin_202112
catboost,hiv_aids,6,23,1.719283908305142,2.6312793033102655,0.9808086065288069,63.90213893659975,56.599251535503484,origin_202112
xgboost,hiv_aids,6,23,1.6089804224345996,2.322240259316027,0.9850518684917067,71.26842089823306,60.464038378685956,origin_202112
prophet,hiv_aids,6,23,1.9790052873872674,2.671422012867944,0.9802185733158048,117.5950652222396,67.4518532071445,origin_202112
seasonal_naive,hiv_aids,12,23,3.782608695652174,7.135337656920019,0.9058879027185687,106.75459982973085,106.20486460066671,origin_202112
seasonal_ma3,hiv_aids,12,23,2.8985508304575216,4.895033894546019,0.9557077442085015,85.56326671320417,93.93547400812126,origin_202112
sarima,hiv_aids,12,23,2.584989535257868,4.793512368696029,0.9575259085943905,95.80989615999893,92.1545372332744,origin_202112
lgbm,hiv_aids,12,23,3.7107712413172123,9.652473239269602,0.8277760263931178,79.36656834041635,76.85680990785376,origin_202112
catboost,hiv_aids,12,23,2.7398844187393325,5.97923359599286,0.9339143091928406,74.54451940286964,70.78272566787687,origin_202112
xgboost,hiv_aids,12,23,3.3334671965111857,7.614490961259916,0.8928238521038205,82.31192098030708,79.732848918879,origin_202112
prophet,hiv_aids,12,23,3.311670079641385,8.50043642756981,0.8664331019152511,104.04444666444898,79.88703778153254,origin_202112
seasonal_naive,hiv_aids,1,23,2.130434782608696,2.9562020287494915,0.9873805065267595,75.49589193211136,68.80811457230308,origin_202212
seasonal_ma3,hiv_aids,1,23,2.2173911138721136,3.0447546030826937,0.9866131531981573,78.65736542545065,63.093602918855204,origin_202212
sarima,hiv_aids,1,23,2.4309427284676097,3.886084801650236,0.9781928832381807,88.21782278293281,55.518726188472826,origin_202212
lgbm,hiv_aids,1,23,2.7010765286629796,5.172234559571575,0.9613695181241071,67.34826786225076,49.76071149188924,origin_202212
catboost,hiv_aids,1,23,2.5840719246528034,4.650361599970665,0.9687717858028793,67.45242697795392,49.92018619849706,origin_202212
xgboost,hiv_aids,1,23,2.7314602162527,5.270344052442514,0.9598900947156439,69.79778375249822,49.22520734742207,origin_202212
prophet,hiv_aids,1,23,4.87213452613099,13.175975200877238,0.7493087132664484,97.57454574368438,64.92842727638302,origin_202212
seasonal_naive,hiv_aids,3,23,2.869565217391304,5.208688393694587,0.9588576932558953,83.22398020046397,89.8207898683442,origin_202212
seasonal_ma3,hiv_aids,3,23,2.202898436266443,3.462706410377282,0.9818170968269411,87.44727867295359,74.22558465900458,origin_202212
sarima,hiv_aids,3,23,1.885160999291617,2.986060581837454,0.9864783679663471,92.73564819453162,45.37707214441424,origin_202212
lgbm,hiv_aids,3,23,2.005243401629905,3.3386944434350645,0.9830961654684289,82.76940213565406,57.64699855457952,origin_202212
catboost,hiv_aids,3,23,1.8458796794062018,2.7393458379323388,0.9886204362401093,83.92043479681057,63.71347459925881,origin_202212
xgboost,hiv_aids,3,23,1.756272218797518,2.5335905634734512,0.9902656994799386,84.99045012863209,60.21770572668049,origin_202212
prophet,hiv_aids,3,23,4.628343827170181,10.594297168462342,0.8297934826791761,104.63434910148138,74.13269488431028,origin_202212
seasonal_naive,hiv_aids,6,23,1.7391304347826086,2.467175818975845,0.9852094108568437,75.5019177397784,53.224429677165745,origin_202212
seasonal_ma3,hiv_aids,6,23,2.5072464813356814,4.782718960772463,0.9444178940959805,86.00733902617456,60.25944787225037,origin_202212
sarima,hiv_aids,6,23,2.374747743425162,4.672339451322227,0.9469538281136297,103.9722886628036,65.22417328101942,origin_202212
lgbm,hiv_aids,6,23,1.7648548678327416,3.002170057207952,0.9780994081342844,75.77755599484557,53.78087831775588,origin_202212
catboost,hiv_aids,6,23,2.4196187227433597,5.205236036536031,0.9341635918086216,77.8354078254062,59.824163408616,origin_202212
xgboost,hiv_aids,6,23,1.9840518132500027,3.784651540008301,0.9651953659029014,76.00434629245233,51.93926139434023,origin_202212
prophet,hiv_aids,6,23,2.6465007883012617,4.711329963827565,0.9460647970894535,130.32545933488927,64.7798725084824,origin_202212
seasonal_naive,hiv_aids,12,23,3.260869565217391,4.388720720804343,0.9556000034861122,100.15051702798739,90.41281785847004,origin_202212
seasonal_ma3,hiv_aids,12,23,2.1304347722426704,3.0064343438106533,0.979164184954516,76.51937242140438,52.8674721335437,origin_202212
sarima,hiv_aids,12,23,3.5491871360851373,5.252796326151527,0.9363954522355026,111.98254968235068,77.33091734589021,origin_202212
lgbm,hiv_aids,12,23,2.3672599784262047,3.038278419049736,0.9787204625520524,84.10848335821275,62.74413207128319,origin_202212
catboost,hiv_aids,12,23,2.6037568121271404,3.8184982060997124,0.9663881646362548,80.99414877908066,67.06312829456925,origin_202212
xgboost,hiv_aids,12,23,2.4016448220481044,3.303143195679792,0.9748486182805333,82.84412598961389,60.59121689130947,origin_202212
prophet,hiv_aids,12,23,3.8581391801467757,7.580149592054067,0.8675467562324787,109.19873411282066,57.1669768641247,origin_202212
seasonal_naive,sifilis,1,23,3.652173913043478,6.433607413250057,0.8773113387273909,99.36446886446886,65.38781214584617,origin_201912
seasonal_ma3,sifilis,1,23,3.9420289850753285,6.765927708316597,0.8643093191387029,105.69975702437806,78.21808081527881,origin_201912
sarima,sifilis,1,23,3.166921687190947,7.353609750314469,0.8397136747517892,82.18628202793184,53.88815770503294,origin_201912
lgbm,sifilis,1,23,3.252105970215968,6.736840914984682,0.8654734826590404,85.07362211677594,50.504661407509325,origin_201912
catboost,sifilis,1,23,3.02945674999425,6.89855015455859,0.8589376977929151,78.20694004611252,47.30509303137267,origin_201912
xgboost,sifilis,1,23,2.7652771301243617,5.743249987395159,0.9022288427002545,80.56905356129016,46.42124268758414,origin_201912
prophet,sifilis,1,23,3.6543894021763976,7.451795877042136,0.8354047813134509,95.6313324488994,64.1524152009989,origin_201912
seasonal_naive,sifilis,3,23,4.3478260869565215,10.541842096266132,0.7016413077680447,95.21703880914404,66.85770750988142,origin_201912
seasonal_ma3,sifilis,3,23,3.6811593602532926,8.366022585679701,0.8120926591049928,94.64882861146633,73.33918917372817,origin_201912
sarima,sifilis,3,23,3.9991165558281154,8.48951725192595,0.8065041424632514,101.84403684129381,80.52853024151172,origin_201912
lgbm,sifilis,3,23,3.76178623286834,8.735780313524458,0.795115507079957,99.75249712822665,69.98171664332142,origin_201912
catboost,sifilis,3,23,3.7964437516115797,8.693529712842492,0.7970925621392227,100.14554941374718,68.73306676242855,origin_201912
xgboost,sifilis,3,23,3.571699583336063,8.357526011573755,0.812474144545439,99.28093856140286,66.45006645148555,origin_201912
prophet,sifilis,3,23,3.257419071591431,6.824833014373325,0.8749482594139792,96.0026683505261,73.10535828425357,origin_201912
seasonal_naive,sifilis,6,23,2.652173913043478,3.432580471839251,0.9145508883527089,73.65315462569467,92.20743524341725,origin_201912
seasonal_ma3,sifilis,6,23,2.173913053844286,3.0040231163644413,0.934555577793213,76.84512841391167,68.64841918533179,origin_201912
sarima,sifilis,6,23,1.7960435754579047,2.4045432337506334,0.9580693806452308,89.58249898639252,56.25277584679307,origin_201912
lgbm,sifilis,6,23,1.9688943303868527,2.6050908139146505,0.9507833746341744,89.06802846283333,61.67382027221755,origin_201912
catboost,sifilis,6,23,2.10497322439939,2.9655629363694627,0.9362206061205636,86.48531548150639,57.73003408638141,origin_201912
xgboost,sifilis,6,23,2.165520923293155,2.9931050176905183,0.9350304277908686,94.49191106283396,58.674064193263554,origin_201912
prophet,sifilis,6,23,2.203129179291075,3.3965403829955974,0.9163358001030075,88.6932696874419,57.408481254952484,origin_201912
seasonal_naive,sifilis,12,23,3.608695652173913,6.457217061080806,0.8697472540451163,76.01686802667193,75.43972596366343,origin_201912
seasonal_ma3,sifilis,12,23,3.4782608851142554,7.485896575827167,0.8249412746500183,99.65802460972893,73.27533157896141,origin_201912
sarima,sifilis,12,23,3.2694349554569824,6.912613196289692,0.8507272173402431,96.24342036923726,62.28614660224886,origin_201912
lgbm,sifilis,12,23,3.321043523921947,8.284773989350056,0.7855838729840006,96.57471143034707,49.87304903921894,origin_201912
catboost,sifilis,12,23,3.620516056528097,9.317676586041483,0.7287864515593909,97.22772451872561,53.35523661759054,origin_201912
xgboost,sifilis,12,23,3.5764239385076193,9.18276076404927,0.7365836932377201,97.97571115864656,50.607463882081596,origin_201912
prophet,sifilis,12,23,3.2229340773748225,6.112060919296632,0.8832998363508255,103.94593183578098,75.31128450890901,origin_201912
seasonal_naive,sifilis,1,23,3.1739130434782608,4.9122738912451425,0.9058322759597509,97.0948121938834,130.2438416203025,origin_202012
seasonal_ma3,sifilis,1,23,2.5362320075864377,3.4787137722816475,0.9527747440872746,109.77273794926138,118.42624193372711,origin_202012
sarima,sifilis,1,23,1.9568245634436607,2.642672421811783,0.9727464179169981,101.4958703569231,83.28816917684654,origin_202012
lgbm,sifilis,1,23,2.209665574058953,2.8731869902829192,0.9677845123674473,106.1656412016773,83.44683111382841,origin_202012
catboost,sifilis,1,23,2.3092948179260437,3.048529139874878,0.9637324992924219,104.99793694094144,90.73116587100974,origin_202012
xgboost,sifilis,1,23,2.038248176484004,2.6118419194522,0.9733786115387154,104.07805072209013,88.78341257085562,origin_202012
prophet,sifilis,1,23,2.22985036999286,2.725971893521486,0.9710012235364103,104.34213763939819,95.86451807016056,origin_202012
seasonal_naive,sifilis,3,23,3.652173913043478,6.507520732733513,0.7903847593382738,103.54968068398351,96.03403026856793,origin_202012
seasonal_ma3,sifilis,3,23,1.913043480852376,2.643011035308095,0.9654228106610689,85.86092985616993,85.77984861582209,origin_202012
sarima,sifilis,3,23,1.8949381313894107,2.8460250680010355,0.9599069424565072,74.1692102944323,77.1976303268031,origin_202012
lgbm,sifilis,3,23,1.5412049171326598,2.2450230384444163,0.97505213763732,71.69251945158935,65.53108509340562,origin_202012
catboost,sifilis,3,23,1.6002750924561093,2.194378574537975,0.9761650171539878,74.00891044630399,77.53970918378917,origin_202012
xgboost,sifilis,3,23,1.5299599546453226,2.0544363721627743,0.9791081390912179,73.09458548859726,71.5734773117775,origin_202012
prophet,sifilis,3,23,1.5835707331012259,2.307621159448639,0.9736414958565568,69.88497336227294,76.41335616630174,origin_202012
seasonal_naive,sifilis,6,23,3.347826086956522,5.53644054542659,0.8758935815206577,83.2646202988116,68.10537166618617,origin_202012
seasonal_ma3,sifilis,6,23,3.043478312699691,5.343288018219176,0.8844020504435686,74.43730442938642,73.93013650536157,origin_202012
sarima,sifilis,6,23,2.057315345691598,2.7477265430345246,0.9694310881323815,87.22613335166287,62.410929248557935,origin_202012
lgbm,sifilis,6,23,2.3718701887305165,3.515234570616346,0.9499687235619623,87.7842071652055,55.97942971854742,origin_202012
catboost,sifilis,6,23,2.095045905358643,2.6472858044907794,0.9716250814585218,91.30318680015266,57.40675885942525,origin_202012
xgboost,sifilis,6,23,1.8240466665314592,2.6893986466523603,0.9707151282957611,86.17121120631394,59.3025900664375,origin_202012
prophet,sifilis,6,23,2.6535575727890817,3.4628119549068686,0.9514498274072031,97.25105374785787,85.21325841151345,origin_202012
seasonal_naive,sifilis,12,23,3.260869565217391,5.204513091705999,0.8753306187791466,80.25790773643534,55.5189972581277,origin_202012
seasonal_ma3,sifilis,12,23,2.681159460026285,4.165072296386949,0.920155559556146,74.48684566433751,56.1822690773001,origin_202012
sarima,sifilis,12,23,2.8747081776028094,4.012597950500613,0.9258944239991008,85.4539603551574,75.7249809906162,origin_202012
lgbm,sifilis,12,23,3.2005931690078113,5.0977161397999415,0.880394571705943,86.74785834341947,64.23057550762823,origin_202012
catboost,sifilis,12,23,3.031970664829316,4.556959560814965,0.9044237597255895,87.25508042544637,66.3072136286646,origin_202012
xgboost,sifilis,12,23,2.9369740233473154,4.097549081215039,0.9227234149248353,88.76783764697421,65.24040997182227,origin_202012
prophet,sifilis,12,23,2.5182078199842506,3.527940887386521,0.9427148317960542,84.34568675986999,77.5716356106383,origin_202012
seasonal_naive,sifilis,1,23,2.5217391304347827,3.934242095952563,0.9299608232254974,95.94777152671891,81.89569299857114,origin_202112
seasonal_ma3,sifilis,1,23,2.6086955044580544,3.841044241438619,0.9332398214170328,98.33668355762069,98.54833854242023,origin_202112
sarima,sifilis,1,23,2.8220523077508677,4.1682770776511004,0.9213801825558836,96.8081210017841,112.67191819024573,origin_202112
lgbm,sifilis,1,23,2.8672616479102895,4.268499130743406,0.9175540615997112,98.26090585868216,103.62795333252642,origin_202112
catboost,sifilis,1,23,2.674918818438691,4.352168259383142,0.9142902505673574,96.57970571980135,90.3271168721636,origin_202112
xgboost,sifilis,1,23,2.622773416340351,4.132566863296385,0.9227215061903024,95.60117880005217,95.46859974946162,origin_202112
prophet,sifilis,1,23,2.4992219542400416,3.5614621091536436,0.9426048061197737,95.07496004832375,99.19988861722604,origin_202112
seasonal_naive,sifilis,3,23,2.739130434782609,4.005431095508892,0.9435028624683797,84.41080179220596,72.12713932393568,origin_202112
seasonal_ma3,sifilis,3,23,2.9710146033245586,4.256850468374908,0.9361876550629421,87.24002471256296,86.55592167212461,origin_202112
sarima,sifilis,3,23,2.463241068565327,3.144517833330054,0.9651794169765333,85.70005894418875,89.49139958591613,origin_202112
lgbm,sifilis,3,23,2.5121483774697,3.5847008402601652,0.9547484197817091,84.00654357794286,73.94911904564876,origin_202112
catboost,sifilis,3,23,2.784431935051743,4.637799953391138,0.924255354362535,84.17731974009797,74.22167947950406,origin_202112
xgboost,sifilis,3,23,2.7212681248784065,4.11482238423083,0.9403747652693197,85.01809899255619,76.81554009184755,origin_202112
prophet,sifilis,3,23,2.4001990743001,3.045182207896579,0.9673446395596835,79.5316417916871,92.73203347050824,origin_202112
seasonal_naive,sifilis,6,23,3.9130434782608696,5.610549070239491,0.8091373816564655,81.48676410759435,74.45998636502068,origin_202112
seasonal_ma3,sifilis,6,23,3.0000000725621763,4.096068599716168,0.8982710433942619,58.03508540358452,59.4437474202795,origin_202112
sarima,sifilis,6,23,3.306601363679637,5.062282841260431,0.8446171938903495,76.37943207980484,60.61260757319158,origin_202112
lgbm,sifilis,6,23,3.2454185691115183,4.603604077695281,0.8714991266452637,79.65606851375857,53.18944577537456,origin_202112
catboost,sifilis,6,23,3.1004464828087426,4.744541121130936,0.8635107091659885,75.56610447511869,51.628375833902695,origin_202112
xgboost,sifilis,6,23,3.405029073033644,4.687888995068585,0.8667507460661228,83.15759966758,58.70892411843784,origin_202112
prophet,sifilis,6,23,3.0309146875739876,4.624979676221979,0.8703030376648591,71.6995629284509,66.61676259779256,origin_202112
seasonal_naive,sifilis,12,23,3.608695652173913,4.885648904433403,0.9034795370809191,76.31167338783152,58.242289111854326,origin_202112
seasonal_ma3,sifilis,12,23,3.130434873311416,4.661487840113274,0.9121333641177772,68.4887197716819,47.18320253985496,origin_202112
sarima,sifilis,12,23,2.76931329784186,4.225812423227474,0.9277903368958995,67.52393028420705,39.29368195734618,origin_202112
lgbm,sifilis,12,23,2.668410572434577,4.492912975445934,0.9183735515004494,70.83587977897295,37.32754000555607,origin_202112
catboost,sifilis,12,23,2.684521627638564,4.426541486220894,0.9207673894225349,69.85937351472329,37.00956986489122,origin_202112
xgboost,sifilis,12,23,2.8719617672588513,4.436413767098095,0.9204135787350539,71.09003873690772,38.4711841269936,origin_202112
prophet,sifilis,12,23,2.681014717654085,4.085540055821863,0.932504653171894,69.5797743689806,46.18876558505292,origin_202112
seasonal_naive,sifilis,1,23,4.304347826086956,7.561343335907863,0.8595333413834422,94.2894494520653,58.46788023283934,origin_202212
seasonal_ma3,sifilis,1,23,3.043478355459545,5.23643908408811,0.9326329629903567,79.22852892945438,44.21046393822464,origin_202212
sarima,sifilis,1,23,2.380530129308286,4.59908515430975,0.9480341259358839,58.077353983602805,31.51608689491564,origin_202212
lgbm,sifilis,1,23,2.413078791889199,5.21881607897353,0.9330856415636651,54.09993769753718,27.097126425973666,origin_202212
catboost,sifilis,1,23,3.2166150350324947,8.970795768288067,0.8022860676629856,50.67630344958065,27.084087309851245,origin_202212
xgboost,sifilis,1,23,2.4691274273006814,5.208053139910781,0.9333613564040016,55.97538950950265,28.641788913554596,origin_202212
prophet,sifilis,1,23,2.5476232710690048,4.722789028730045,0.945201026133285,59.65412005778964,34.68004746595741,origin_202212
seasonal_naive,sifilis,3,23,3.217391304347826,5.166783542390085,0.9212205734687047,80.54666560070117,100.26284584980239,origin_202212
seasonal_ma3,sifilis,3,23,2.811594342407973,4.91079863681183,0.9288333483211841,74.86601637470936,65.4042292133285,origin_202212
sarima,sifilis,3,23,2.8650316842224286,4.242252384191418,0.946891347210571,80.88936651641,94.14287889062089,origin_202212
lgbm,sifilis,3,23,2.8366052337920293,4.47437274075697,0.9409205286015387,79.68531237597195,77.19836220484228,origin_202212
catboost,sifilis,3,23,3.6914373694470215,6.5135973725288165,0.8747971832147821,82.3247460217178,81.57470284287193,origin_202212
xgboost,sifilis,3,23,2.8875573491272717,4.495031733187774,0.9403737078022363,78.51533981983529,78.29990513849097,origin_202212
prophet,sifilis,3,23,2.4496498951210692,3.87883715685507,0.9556007765385901,70.54366972703777,80.61372246763474,origin_202212
seasonal_naive,sifilis,6,23,3.739130434782609,4.881197287195196,0.8930032767958709,96.91984604803888,136.89410260062434,origin_202212
seasonal_ma3,sifilis,6,23,2.3623189511506455,3.2130473357060954,0.9536390845939051,80.32931894670946,91.36392923209034,origin_202212
sarima,sifilis,6,23,2.1471369992131772,3.121198801227284,0.9562517567773815,71.53346746370481,76.16354629364317,origin_202212
lgbm,sifilis,6,23,2.446389786961802,3.7502645662593785,0.9368400804456646,73.79173532803658,74.45383249874466,origin_202212
catboost,sifilis,6,23,2.6378081833014657,4.79142855892204,0.8969025818855225,71.67060120101807,69.87355689439052,origin_202212
xgboost,sifilis,6,23,1.879976212978363,2.5019674604340327,0.9718886909747668,71.94305888945279,68.09923461427927,origin_202212
prophet,sifilis,6,23,2.2225849114051286,2.900878336645572,0.9622100093328719,73.54379440088671,88.10420361696183,origin_202212
seasonal_naive,sifilis,12,23,5.043478260869565,9.292353097410608,-0.2931883811788687,74.11104038365112,146.6043376912942,origin_202212
seasonal_ma3,sifilis,12,23,4.36231892005257,9.145364384307351,-0.2526000187647828,79.79083708574917,108.29144149808269,origin_202212
sarima,sifilis,12,23,4.247796245243238,9.99867390792323,-0.4972530116099023,73.23792176051221,104.95336793759019,origin_202212
lgbm,sifilis,12,23,2.5374959298851194,3.9248826871303915,0.7692914197103142,74.97611846710136,89.1252104208278,origin_202212
catboost,sifilis,12,23,2.5302693669643737,4.148198411407032,0.7422910938805416,69.52664270017802,90.9899967518491,origin_202212
xgboost,sifilis,12,23,3.1426702501333277,5.449277545352704,0.5552783808854294,74.67700006794348,98.88496692894113,origin_202212
prophet,sifilis,12,23,4.120249899072715,9.641093666357925,-0.3920761414179428,68.22927547691269,111.90710835601858,origin_202212
seasonal_naive,tuberculose,1,23,3.347826086956522,6.293543966015802,0.9095270171075244,86.29620245313754,97.52258610954264,origin_201912
seasonal_ma3,tuberculose,1,23,2.420289738022763,3.085731213228078,0.9782507364757574,89.98383110668684,99.70888918831189,origin_201912
sarima,tuberculose,1,23,2.8183939327364382,4.108394795441136,0.96144571006302,83.50093761041143,89.15341772345215,origin_201912
lgbm,tuberculose,1,23,2.425801169890596,2.934347027858157,0.9803324022994244,80.29948055594957,89.23395508002423,origin_201912
catboost,tuberculose,1,23,3.057625841431531,4.77290833949139,0.9479651201020249,81.43086370475707,89.92041086065807,origin_201912
xgboost,tuberculose,1,23,2.253814767236295,2.697519904507049,0.9833789795373499,78.83000022167755,86.57059447444048,origin_201912
prophet,tuberculose,1,23,2.0779637586952604,2.6355633634165994,0.9841337135058471,82.5510957253182,85.52248082448419,origin_201912
seasonal_naive,tuberculose,3,23,2.608695652173913,3.945277859835014,0.9675410172110662,73.21652637186618,70.2177050003137,origin_201912
seasonal_ma3,tuberculose,3,23,2.043478361938311,2.705335663344678,0.9847376281519908,63.24109303757414,68.47502042466554,origin_201912
sarima,tuberculose,3,23,3.039727770763895,5.596886361231904,0.934676011567809,64.8442255559164,65.0848904468759,origin_201912
lgbm,tuberculose,3,23,2.434894996692484,3.6204674722706915,0.9726656333889149,62.25457049097744,64.03395494409146,origin_201912
catboost,tuberculose,3,23,3.2645633705828705,7.286108643529395,0.889294040467486,61.17079282471253,59.89224781780089,origin_201912
xgboost,tuberculose,3,23,2.5038028696308965,3.6133390818699933,0.9727731654778139,64.35929478844301,67.7773091145969,origin_201912
prophet,tuberculose,3,23,2.2309216947219825,3.481222626127056,0.9747277848556155,52.90767273595425,61.69317513675665,origin_201912
seasonal_naive,tuberculose,6,23,3.217391304347826,4.951942965183947,0.8072110097197039,72.42752713762019,122.07556935817804,origin_201912
seasonal_ma3,tuberculose,6,23,3.0434782466162806,6.004828968726608,0.7165135893173139,68.72081457148549,105.18978550197173,origin_201912
sarima,tuberculose,6,23,3.154007587743842,6.972437813217853,0.6177915716150226,68.70799172374579,94.19090079348031,origin_201912
lgbm,tuberculose,6,23,3.74349906565696,9.288667660610022,0.32167502132687575,69.93125430110554,101.51928383796852,origin_201912
catboost,tuberculose,6,23,3.133323841392817,7.493280525061509,0.5585566856192408,65.70901181336902,92.74529260755281,origin_201912
xgboost,tuberculose,6,23,3.11331642192343,7.137196961682789,0.5995149352234821,67.48558219437597,96.40355531843552,origin_201912
prophet,tuberculose,6,23,4.301422433158844,10.44084404611086,0.14295785594231591,76.27807070970569,115.00634765636536,origin_201912
seasonal_naive,tuberculose,12,23,2.0869565217391304,2.8130132381950976,0.959809512836761,71.5809358426808,81.55702329921559,origin_201912
seasonal_ma3,tuberculose,12,23,2.0289856273195017,3.175997336065051,0.9487681572226873,67.88745403209859,77.59533079978085,origin_201912
sarima,tuberculose,12,23,2.496294371459795,4.048280302409808,0.9167621470875903,74.51937932489257,86.2151381858538,origin_201912
lgbm,tuberculose,12,23,2.832767564811808,5.581156725637276,0.8417921040041596,73.65054585262129,82.24057180375402,origin_201912
catboost,tuberculose,12,23,2.4410919124600583,4.112210132503728,0.9141124298637087,74.89542151455792,83.68958646771361,origin_201912
xgboost,tuberculose,12,23,2.8457665236099907,5.522791998396917,0.8450837083448772,73.76931167743719,83.57126434618574,origin_201912
prophet,tuberculose,12,23,3.57429308924378,8.329830894174323,0.6475868640492808,77.55252381433401,82.37952182777622,origin_201912
seasonal_naive,tuberculose,1,23,1.6521739130434783,2.226324715563845,0.9889509746909054,61.53620374360905,48.08851415413788,origin_202012
seasonal_ma3,tuberculose,1,23,1.3623189628124237,1.9927408378396467,0.9911478534518556,53.16991851012728,37.62027347681357,origin_202012
sarima,tuberculose,1,23,2.7374854759596614,6.135665945471651,0.9160790548976914,64.12250911341687,52.60343691270912,origin_202012
lgbm,tuberculose,1,23,2.301613952474244,3.9899606668616188,0.9645117828494796,63.34260754432343,53.63794505217978,origin_202012
catboost,tuberculose,1,23,2.224170154805073,3.756417407386597,0.9685446413083718,63.37462435899527,53.22695933370206,origin_202012
xgboost,tuberculose,1,23,2.5393969235212905,5.4572831563399875,0.9336104187494553,62.780518562688606,49.457175423157814,origin_202012
prophet,tuberculose,1,23,1.3656502615094899,1.6981554776202223,0.9935716153748967,49.34349852550882,42.96919089133489,origin_202012
seasonal_naive,tuberculose,3,23,3.5217391304347827,6.3759057327601285,0.857620497881356,72.97717434081072,92.15868956278163,origin_202012
seasonal_ma3,tuberculose,3,23,2.8260869591132454,5.261747830212419,0.9030330453455631,67.06804979403891,74.11764792019086,origin_202012
sarima,tuberculose,3,23,2.3606561230009664,3.2177456394991264,0.9637367172717639,71.33694717562538,78.25385906491434,origin_202012
lgbm,tuberculose,3,23,2.10381759842443,2.859467850828817,0.9713625640209906,61.81724416613667,64.3535749816867,origin_202012
catboost,tuberculose,3,23,2.137420436834725,2.942704649304587,0.9696710729908796,60.72684009500329,69.2098863071261,origin_202012
xgboost,tuberculose,3,23,2.1825972847316577,3.0394266032262047,0.9676445819225691,63.17892574615821,66.49142114079993,origin_202012
prophet,tuberculose,3,23,2.1684123780398825,2.938025451675142,0.9697674484214016,66.74733672531032,65.34368639124256,origin_202012
seasonal_naive,tuberculose,6,23,2.391304347826087,4.544466295731929,0.9002501734779591,60.154522091923745,50.09118239314785,origin_202012
seasonal_ma3,tuberculose,6,23,1.5072462869727092,2.073527480119257,0.9792333728176624,65.19047753722379,60.625561647692535,origin_202012
sarima,tuberculose,6,23,1.34195707782941,1.9435364255307324,0.9817555092950772,53.763383660854046,39.97044460636241,origin_202012
lgbm,tuberculose,6,23,1.181518487209185,1.7404847674838477,0.9853685681451453,53.419743485764,43.642270322873514,origin_202012
catboost,tuberculose,6,23,1.4165331417172193,2.1261813056073824,0.9781653132323301,52.06613113550451,44.55343695516959,origin_202012
xgboost,tuberculose,6,23,1.1323617670847022,1.5844878867192416,0.9878738140899561,50.67545507726858,41.10682280119956,origin_202012
prophet,tuberculose,6,23,2.1391790565339277,4.0818904042461215,0.9195235045740267,65.53811249316391,52.66432337003336,origin_202012
seasonal_naive,tuberculose,12,23,4.0,6.567376552521463,0.8796535609169454,92.0374285573785,69.80283383029379,origin_202012
seasonal_ma3,tuberculose,12,23,3.115942123143569,5.057639084895873,0.9286251714957217,57.525866688840686,55.58317747961022,origin_202012
sarima,tuberculose,12,23,3.102658918572833,5.1886999948176555,0.9248781057696203,62.28268467924377,55.37787213237634,origin_202012
lgbm,tuberculose,12,23,2.4461747124972897,3.8769467984107124,0.958059935772119,53.225862190160825,50.08421481416604,origin_202012
catboost,tuberculose,12,23,3.2555070551772647,5.780988640397124,0.9067489693840689,55.806572958879265,54.505029057031365,origin_202012
xgboost,tuberculose,12,23,3.2722201813822207,6.30324631973993,0.8891392107301719,54.52212183884508,52.54046090275296,origin_202012
prophet,tuberculose,12,23,2.6378889278074875,3.619144538782376,0.9634521979213417,72.23411801420956,65.76398383660054,origin_202012
seasonal_naive,tuberculose,1,23,2.608695652173913,3.4515277020851025,0.977101621998721,74.23719950035739,96.56947547306716,origin_202112
seasonal_ma3,tuberculose,1,23,2.0144928538280986,2.730220905257746,0.9856722640569339,69.49113926409906,89.24624220113525,origin_202112
sarima,tuberculose,1,23,2.813360098263492,5.22766887707343,0.9474711205783005,61.76061685307578,67.5467708028193,origin_202112
lgbm,tuberculose,1,23,2.718912552033594,4.99932003676134,0.951959903352092,60.5476498350821,63.652682226591715,origin_202112
catboost,tuberculose,1,23,3.0177064787867383,5.176202147079854,0.9485003294682263,63.6604097950819,71.31019196985227,origin_202112
xgboost,tuberculose,1,23,2.7040742687557056,4.52777623610775,0.960594947990616,61.35775827200428,66.55134536749455,origin_202112
prophet,tuberculose,1,23,2.6433717045421115,4.228881115303746,0.9656257725829162,70.99655410643028,80.52874844326045,origin_202112
seasonal_naive,tuberculose,3,23,3.347826086956522,4.457529048406898,0.9423233099209833,77.21566702448285,70.29160517250249,origin_202112
seasonal_ma3,tuberculose,3,23,2.681159409491912,3.9848747829229794,0.9539063262630629,57.827998585229615,55.90892663417836,origin_202112
sarima,tuberculose,3,23,2.4938994438751885,3.817336216227054,0.9577007379735339,49.271375591095456,59.10118122655579,origin_202112
lgbm,tuberculose,3,23,3.3135904858966603,5.186711704534066,0.9219098632361287,54.15234630155965,58.343539781799215,origin_202112
catboost,tuberculose,3,23,2.718865309306081,3.825866212956899,0.9575114878411628,50.448961576037476,58.34915575269128,origin_202112
xgboost,tuberculose,3,23,2.9483960530032283,4.3147486706364795,0.9459590503072232,52.328764171280085,56.097131063803076,origin_202112
prophet,tuberculose,3,23,2.4966805142743014,3.5853433041512583,0.962685858121372,61.68967107918507,55.85227455051278,origin_202112
seasonal_naive,tuberculose,6,23,3.260869565217391,4.786757094135953,0.9199268038104298,75.46038895568799,62.23668062542742,origin_202112
seasonal_ma3,tuberculose,6,23,3.11594213998836,5.141007261130213,0.9076364068888475,64.92941561831888,49.14554950116721,origin_202112
sarima,tuberculose,6,23,3.129078691420348,4.2334181687489485,0.937369378175247,67.24989609050475,74.65366596128295,origin_202112
lgbm,tuberculose,6,23,2.9439036925299336,4.217149707004726,0.9378498155328363,66.07541531199175,60.8029610843121,origin_202112
catboost,tuberculose,6,23,2.86486700245881,3.9982201324968507,0.9441352591821531,66.05847843707595,58.930889127392604,origin_202112
xgboost,tuberculose,6,23,2.869810772978741,3.8500389701609703,0.9481994184076522,68.3340608201816,69.04902736123687,origin_202112
prophet,tuberculose,6,23,2.1247650655935115,3.0514553828587974,0.9674599337043169,52.035915065556935,50.5796548971288,origin_202112
seasonal_naive,tuberculose,12,23,3.0869565217391304,4.185897649302331,0.9577198168117211,62.82612950097256,75.85250650573572,origin_202112
seasonal_ma3,tuberculose,12,23,3.1739129229732184,5.375287435871298,0.9302790918831227,70.25524985443622,68.88786233898301,origin_202112
sarima,tuberculose,12,23,3.0018141425174214,4.0246260511679335,0.9609149458254865,68.0717111458733,73.76228244552827,origin_202112
lgbm,tuberculose,12,23,2.9581501751949966,3.978508184405594,0.9618055586853904,72.06938334006418,75.3482609247625,origin_202112
catboost,tuberculose,12,23,2.904084447941803,3.742733447522473,0.9661983853079049,73.57409087603257,76.01112000760746,origin_202112
xgboost,tuberculose,12,23,2.9430419413939766,4.238948836029023,0.9566413252548234,68.6575930208122,69.99638102992363,origin_202112
prophet,tuberculose,12,23,2.4536842131413836,3.0786705609092206,0.9771289508112093,76.46663731860053,80.72954338332244,origin_202112
seasonal_naive,tuberculose,1,23,3.869565217391304,4.903414959073887,0.9583442502685566,83.23644279349023,97.79339128153357,origin_202212
seasonal_ma3,tuberculose,1,23,3.8695652355318484,5.361790029732368,0.9501922107487034,70.02176789368725,85.4576440630284,origin_202212
sarima,tuberculose,1,23,3.955337666946909,6.459419219445099,0.9277122673736738,63.033965448596575,93.69508865627463,origin_202212
lgbm,tuberculose,1,23,3.8627192482268815,6.895818552652662,0.9176147789734048,59.601992592227084,88.83675740681672,origin_202212
catboost,tuberculose,1,23,3.8539550749284284,6.542123975181208,0.92584930944791,61.95741087775699,86.16825243475601,origin_202212
xgboost,tuberculose,1,23,3.7794022637864817,6.395708616387447,0.9291312130723774,60.26818691390633,88.18581526731826,origin_202212
prophet,tuberculose,1,23,4.0135931503789095,6.82747513629881,0.9192397016606106,56.77723442276271,78.11517513531805,origin_202212
seasonal_naive,tuberculose,3,23,4.695652173913044,9.240741547507218,0.8782373363810838,72.48095817631189,79.80000855730903,origin_202212
seasonal_ma3,tuberculose,3,23,4.42028976134632,8.656347904653932,0.8931511387673079,73.41526297091727,66.99655742228525,origin_202212
sarima,tuberculose,3,23,3.834225250327069,8.540497523161541,0.8959919785976891,61.062134837791795,67.97409872661572,origin_202212
lgbm,tuberculose,3,23,4.1954519163389055,9.988951284112979,0.8577211708237384,61.183058294475664,62.69688853113395,origin_202212
catboost,tuberculose,3,23,3.567776988253499,7.331910780895627,0.9233459976581789,59.206661275645864,60.36845003484077,origin_202212
xgboost,tuberculose,3,23,3.7738594024077705,8.224341714739264,0.9035498770216953,60.037419711427894,61.692194161562,origin_202212
prophet,tuberculose,3,23,4.274003539395698,9.865501205333672,0.8612161917409893,75.7534330065328,61.48236458494921,origin_202212
seasonal_naive,tuberculose,6,23,4.0,6.1785041105010405,0.9153270103231108,69.07688581329727,55.7671837019663,origin_202212
seasonal_ma3,tuberculose,6,23,4.362318768449452,8.461049826069026,0.8412086943896753,75.82148663956848,56.46865772181718,origin_202212
sarima,tuberculose,6,23,3.1434670323910923,4.567011720144031,0.9537360759118781,54.66888420855063,64.03026353990604,origin_202212
lgbm,tuberculose,6,23,3.381670516430415,5.6881544579060686,0.9282336306092763,53.61146588654015,51.30800426567822,origin_202212
catboost,tuberculose,6,23,3.5209230634410686,6.360330471639294,0.9102700186932288,53.18901651281334,54.31890084243073,origin_202212
xgboost,tuberculose,6,23,3.7013854876808496,6.640840488559913,0.9021807537854674,54.76151358139627,54.012658673574975,origin_202212
prophet,tuberculose,6,23,3.0735053369236853,5.120782274825528,0.941836459302278,56.144434051374645,49.614145034534296,origin_202212
seasonal_naive,tuberculose,12,23,3.3043478260869565,6.587207629020516,0.7928152360321328,59.12595279081454,59.59631144413753,origin_202212
seasonal_ma3,tuberculose,12,23,2.376811473265938,3.8785918367645227,0.9281704297990931,44.84396573443783,44.42990691611971,origin_202212
sarima,tuberculose,12,23,2.3118780644043633,4.862303261593464,0.8871142314191299,39.083144658516034,43.12764636535679,origin_202212
lgbm,tuberculose,12,23,2.729648753721209,5.850686368901559,0.8365560890671042,41.13082153344002,45.970426071027894,origin_202212
catboost,tuberculose,12,23,2.8353027721806874,5.511297379525284,0.8549683458060976,43.86313431373487,49.19675799233739,origin_202212
xgboost,tuberculose,12,23,2.7424860441166423,6.0835364924488955,0.8232874699984432,40.544414486662795,43.717370672385144,origin_202212
prophet,tuberculose,12,23,2.870951439098516,7.218219723685771,0.751220090503602,41.88331586232342,45.64867416524809,origin_202212
