model,disease,horizon,origin,cd_mun,time_idx,y_true,y_pred,seed
nhits,hiv_aids,1,origin_201912,3505708,240,1.0,0.0010199918178841472,42
nhits,hiv_aids,3,origin_201912,3505708,242,0.0,0.0012842129217460752,42
nhits,hiv_aids,6,origin_201912,3505708,245,0.0,0.00032865238608792424,42
nhits,hiv_aids,12,origin_201912,3505708,251,0.0,3.5568584280554205e-05,42
nhits,hiv_aids,1,origin_201912,3506003,240,5.0,3.116943359375,42
nhits,hiv_aids,3,origin_201912,3506003,242,5.0,3.347904682159424,42
nhits,hiv_aids,6,origin_201912,3506003,245,2.0,2.6500911712646484,42
nhits,hiv_aids,12,origin_201912,3506003,251,2.0,1.5245015621185303,42
nhits,hiv_aids,1,origin_201912,3509502,240,16.0,6.416731834411621,42
nhits,hiv_aids,3,origin_201912,3509502,242,9.0,7.171480178833008,42
nhits,hiv_aids,6,origin_201912,3509502,245,9.0,6.550114154815674,42
nhits,hiv_aids,12,origin_201912,3509502,251,15.0,4.626539707183838,42
nhits,hiv_aids,1,origin_201912,3510609,240,8.0,3.953481674194336,42
nhits,hiv_aids,3,origin_201912,3510609,242,2.0,4.037900447845459,42
nhits,hiv_aids,6,origin_201912,3510609,245,0.0,3.4483730792999268,42
nhits,hiv_aids,12,origin_201912,3510609,251,0.0,2.523528814315796,42
nhits,hiv_aids,1,origin_201912,3513801,240,0.0,9.188250246438515e-16,42
nhits,hiv_aids,3,origin_201912,3513801,242,3.0,8.545463412546828e-16,42
nhits,hiv_aids,6,origin_201912,3513801,245,1.0,1.4731760072489138e-15,42
nhits,hiv_aids,12,origin_201912,3513801,251,1.0,1.4590989549402578e-15,42
nhits,hiv_aids,1,origin_201912,3518701,240,2.0,0.00514187989756465,42
nhits,hiv_aids,3,origin_201912,3518701,242,3.0,0.006998363882303238,42
nhits,hiv_aids,6,origin_201912,3518701,245,3.0,0.003249641740694642,42
nhits,hiv_aids,12,origin_201912,3518701,251,0.0,0.0008410289301536977,42
nhits,hiv_aids,1,origin_201912,3518800,240,5.0,8.694967269897461,42
nhits,hiv_aids,3,origin_201912,3518800,242,5.0,8.814956665039062,42
nhits,hiv_aids,6,origin_201912,3518800,245,0.0,8.52980899810791,42
nhits,hiv_aids,12,origin_201912,3518800,251,4.0,7.999752521514893,42
nhits,hiv_aids,1,origin_201912,3522208,240,4.0,0.00016982397937681526,42
nhits,hiv_aids,3,origin_201912,3522208,242,0.0,0.00022092394647188485,42
nhits,hiv_aids,6,origin_201912,3522208,245,0.0,4.6717927034478635e-05,42
nhits,hiv_aids,12,origin_201912,3522208,251,0.0,3.6181813811708707e-06,42
nhits,hiv_aids,1,origin_201912,3525904,240,4.0,6.453060150146484,42
nhits,hiv_aids,3,origin_201912,3525904,242,1.0,6.566113471984863,42
nhits,hiv_aids,6,origin_201912,3525904,245,4.0,6.172571659088135,42
nhits,hiv_aids,12,origin_201912,3525904,251,4.0,5.502749919891357,42
nhits,hiv_aids,1,origin_201912,3529401,240,1.0,0.010130329057574272,42
nhits,hiv_aids,3,origin_201912,3529401,242,0.0,0.012258687987923622,42
nhits,hiv_aids,6,origin_201912,3529401,245,0.0,0.005414551589637995,42
nhits,hiv_aids,12,origin_201912,3529401,251,1.0,0.001377092907205224,42
nhits,hiv_aids,1,origin_201912,3534401,240,5.0,3.3498990535736084,42
nhits,hiv_aids,3,origin_201912,3534401,242,6.0,3.4369075298309326,42
nhits,hiv_aids,6,origin_201912,3534401,245,0.0,3.320791006088257,42
nhits,hiv_aids,12,origin_201912,3534401,251,2.0,3.025270938873291,42
nhits,hiv_aids,1,origin_201912,3536505,240,0.0,6.8720990694435714e-18,42
nhits,hiv_aids,3,origin_201912,3536505,242,0.0,9.928303130977944e-18,42
nhits,hiv_aids,6,origin_201912,3536505,245,0.0,4.276320280468465e-18,42
nhits,hiv_aids,12,origin_201912,3536505,251,1.0,8.746230395981237e-19,42
nhits,hiv_aids,1,origin_201912,3541000,240,2.0,0.0001673331280471757,42
nhits,hiv_aids,3,origin_201912,3541000,242,0.0,0.0002022291300818324,42
nhits,hiv_aids,6,origin_201912,3541000,245,0.0,5.756097016273998e-05,42
nhits,hiv_aids,12,origin_201912,3541000,251,0.0,7.548679150204407e-06,42
nhits,hiv_aids,1,origin_201912,3543402,240,16.0,19.701374053955078,42
nhits,hiv_aids,3,origin_201912,3543402,242,12.0,20.022985458374023,42
nhits,hiv_aids,6,origin_201912,3543402,245,22.0,19.281124114990234,42
nhits,hiv_aids,12,origin_201912,3543402,251,6.0,17.942426681518555,42
nhits,hiv_aids,1,origin_201912,3547809,240,1.0,0.01399767491966486,42
nhits,hiv_aids,3,origin_201912,3547809,242,2.0,0.01689504086971283,42
nhits,hiv_aids,6,origin_201912,3547809,245,3.0,0.007202954962849617,42
nhits,hiv_aids,12,origin_201912,3547809,251,0.0,0.0017350545385852456,42
nhits,hiv_aids,1,origin_201912,3548500,240,5.0,4.203190566001632e-16,42
nhits,hiv_aids,3,origin_201912,3548500,242,2.0,6.151592131906525e-16,42
nhits,hiv_aids,6,origin_201912,3548500,245,2.0,8.045193577799821e-16,42
nhits,hiv_aids,12,origin_201912,3548500,251,3.0,5.171354253971422e-16,42
nhits,hiv_aids,1,origin_201912,3548708,240,3.0,0.049136701971292496,42
nhits,hiv_aids,3,origin_201912,3548708,242,4.0,0.060894910246133804,42
nhits,hiv_aids,6,origin_201912,3548708,245,3.0,0.02546708658337593,42
nhits,hiv_aids,12,origin_201912,3548708,251,2.0,0.00574681768193841,42
nhits,hiv_aids,1,origin_201912,3549805,240,16.0,7.334877967834473,42
nhits,hiv_aids,3,origin_201912,3549805,242,11.0,7.5221381187438965,42
nhits,hiv_aids,6,origin_201912,3549805,245,3.0,7.114829063415527,42
nhits,hiv_aids,12,origin_201912,3549805,251,14.0,6.312414646148682,42
nhits,hiv_aids,1,origin_201912,3549904,240,14.0,11.007630348205566,42
nhits,hiv_aids,3,origin_201912,3549904,242,12.0,11.292978286743164,42
nhits,hiv_aids,6,origin_201912,3549904,245,11.0,10.648329734802246,42
nhits,hiv_aids,12,origin_201912,3549904,251,5.0,9.350077629089355,42
nhits,hiv_aids,1,origin_201912,3550308,240,151.0,115.0102310180664,42
nhits,hiv_aids,3,origin_201912,3550308,242,147.0,116.19432830810547,42
nhits,hiv_aids,6,origin_201912,3550308,245,72.0,115.94630432128906,42
nhits,hiv_aids,12,origin_201912,3550308,251,95.0,113.19926452636719,42
nhits,hiv_aids,1,origin_201912,3551009,240,2.0,1.9429119983132973e-16,42
nhits,hiv_aids,3,origin_201912,3551009,242,1.0,2.3155622905732547e-16,42
nhits,hiv_aids,6,origin_201912,3551009,245,1.0,2.9164673156901566e-16,42
nhits,hiv_aids,12,origin_201912,3551009,251,1.0,2.3808142677583777e-16,42
nhits,hiv_aids,1,origin_201912,3552205,240,1.0,0.05149571970105171,42
nhits,hiv_aids,3,origin_201912,3552205,242,0.0,0.0638994500041008,42
nhits,hiv_aids,6,origin_201912,3552205,245,0.0,0.023986758664250374,42
nhits,hiv_aids,12,origin_201912,3552205,251,0.0,0.004604386631399393,42
nhits,hiv_aids,1,origin_201912,3554102,240,1.0,0.004929863382130861,42
nhits,hiv_aids,3,origin_201912,3554102,242,0.0,0.007673853076994419,42
nhits,hiv_aids,6,origin_201912,3554102,245,0.0,0.002078175311908126,42
nhits,hiv_aids,12,origin_201912,3554102,251,0.0,0.00020697261788882315,42
nhits,hiv_aids,1,origin_202012,3505708,252,0.0,1.807439772190931e-15,42
nhits,hiv_aids,3,origin_202012,3505708,254,0.0,1.415804877544604e-15,42
nhits,hiv_aids,6,origin_202012,3505708,257,3.0,1.2226856007353597e-15,42
nhits,hiv_aids,12,origin_202012,3505708,263,1.0,6.895819631561387e-16,42
nhits,hiv_aids,1,origin_202012,3506003,252,3.0,1.310396432876587,42
nhits,hiv_aids,3,origin_202012,3506003,254,1.0,1.1704521179199219,42
nhits,hiv_aids,6,origin_202012,3506003,257,3.0,0.8628425598144531,42
nhits,hiv_aids,12,origin_202012,3506003,263,3.0,0.512463390827179,42
nhits,hiv_aids,1,origin_202012,3509502,252,14.0,13.739148139953613,42
nhits,hiv_aids,3,origin_202012,3509502,254,6.0,13.156240463256836,42
nhits,hiv_aids,6,origin_202012,3509502,257,10.0,12.423698425292969,42
nhits,hiv_aids,12,origin_202012,3509502,263,3.0,10.78736686706543,42
nhits,hiv_aids,1,origin_202012,3510609,252,5.0,1.685979059202927e-15,42
nhits,hiv_aids,3,origin_202012,3510609,254,4.0,1.525033164224835e-15,42
nhits,hiv_aids,6,origin_202012,3510609,257,4.0,1.6770375676534739e-15,42
nhits,hiv_aids,12,origin_202012,3510609,263,3.0,1.4804885485616786e-15,42
nhits,hiv_aids,1,origin_202012,3513801,252,1.0,0.829881489276886,42
nhits,hiv_aids,3,origin_202012,3513801,254,0.0,0.7736968398094177,42
nhits,hiv_aids,6,origin_202012,3513801,257,2.0,0.6796843409538269,42
nhits,hiv_aids,12,origin_202012,3513801,263,2.0,0.5324944853782654,42
nhits,hiv_aids,1,origin_202012,3518701,252,0.0,4.48144750661957e-16,42
nhits,hiv_aids,3,origin_202012,3518701,254,1.0,3.541507750545682e-16,42
nhits,hiv_aids,6,origin_202012,3518701,257,0.0,4.2915064562471016e-16,42
nhits,hiv_aids,12,origin_202012,3518701,263,2.0,3.1051552866962807e-16,42
nhits,hiv_aids,1,origin_202012,3518800,252,4.0,3.907644271850586,42
nhits,hiv_aids,3,origin_202012,3518800,254,9.0,3.815598964691162,42
nhits,hiv_aids,6,origin_202012,3518800,257,7.0,3.658625364303589,42
nhits,hiv_aids,12,origin_202012,3518800,263,3.0,3.373394250869751,42
nhits,hiv_aids,1,origin_202012,3522208,252,1.0,1.4339163266052085e-14,42
nhits,hiv_aids,3,origin_202012,3522208,254,1.0,1.08264100606042e-14,42
nhits,hiv_aids,6,origin_202012,3522208,257,0.0,1.0733351632887054e-14,42
nhits,hiv_aids,12,origin_202012,3522208,263,0.0,6.217700829978237e-15,42
nhits,hiv_aids,1,origin_202012,3525904,252,3.0,4.051115989685059,42
nhits,hiv_aids,3,origin_202012,3525904,254,6.0,3.9585726261138916,42
nhits,hiv_aids,6,origin_202012,3525904,257,3.0,3.8171489238739014,42
nhits,hiv_aids,12,origin_202012,3525904,263,6.0,3.542188882827759,42
nhits,hiv_aids,1,origin_202012,3529401,252,4.0,0.1000290960073471,42
nhits,hiv_aids,3,origin_202012,3529401,254,4.0,0.08375561982393265,42
nhits,hiv_aids,6,origin_202012,3529401,257,2.0,0.04948275536298752,42
nhits,hiv_aids,12,origin_202012,3529401,263,1.0,0.023920204490423203,42
nhits,hiv_aids,1,origin_202012,3534401,252,2.0,1.8290797472000122,42
nhits,hiv_aids,3,origin_202012,3534401,254,0.0,1.7679353952407837,42
nhits,hiv_aids,6,origin_202012,3534401,257,0.0,1.5561267137527466,42
nhits,hiv_aids,12,origin_202012,3534401,263,6.0,1.3102138042449951,42
nhits,hiv_aids,1,origin_202012,3536505,252,1.0,6.683974788757041e-05,42
nhits,hiv_aids,3,origin_202012,3536505,254,1.0,4.9884893087437376e-05,42
nhits,hiv_aids,6,origin_202012,3536505,257,0.0,1.443677865609061e-05,42
nhits,hiv_aids,12,origin_202012,3536505,263,0.0,3.479007318674121e-06,42
nhits,hiv_aids,1,origin_202012,3541000,252,0.0,1.3279261092394767e-16,42
nhits,hiv_aids,3,origin_202012,3541000,254,0.0,1.068362722546298e-16,42
nhits,hiv_aids,6,origin_202012,3541000,257,0.0,1.201453634651467e-16,42
nhits,hiv_aids,12,origin_202012,3541000,263,1.0,8.554623809173587e-17,42
nhits,hiv_aids,1,origin_202012,3543402,252,12.0,8.253914833068848,42
nhits,hiv_aids,3,origin_202012,3543402,254,12.0,8.0139741897583,42
nhits,hiv_aids,6,origin_202012,3543402,257,9.0,7.793774127960205,42
nhits,hiv_aids,12,origin_202012,3543402,263,16.0,7.17809534072876,42
nhits,hiv_aids,1,origin_202012,3547809,252,1.0,1.0646041594266449e-15,42
nhits,hiv_aids,3,origin_202012,3547809,254,1.0,8.845899646190824e-16,42
nhits,hiv_aids,6,origin_202012,3547809,257,0.0,1.031971685738081e-15,42
nhits,hiv_aids,12,origin_202012,3547809,263,3.0,8.007625549006725e-16,42
nhits,hiv_aids,1,origin_202012,3548500,252,0.0,0.4207087755203247,42
nhits,hiv_aids,3,origin_202012,3548500,254,2.0,0.3220948874950409,42
nhits,hiv_aids,6,origin_202012,3548500,257,0.0,0.24051930010318756,42
nhits,hiv_aids,12,origin_202012,3548500,263,1.0,0.10935560613870621,42
nhits,hiv_aids,1,origin_202012,3548708,252,2.0,0.8623077869415283,42
nhits,hiv_aids,3,origin_202012,3548708,254,0.0,0.7516042590141296,42
nhits,hiv_aids,6,origin_202012,3548708,257,2.0,0.7204002141952515,42
nhits,hiv_aids,12,origin_202012,3548708,263,0.0,0.5235048532485962,42
nhits,hiv_aids,1,origin_202012,3549805,252,5.0,12.346492767333984,42
nhits,hiv_aids,3,origin_202012,3549805,254,11.0,12.192485809326172,42
nhits,hiv_aids,6,origin_202012,3549805,257,11.0,11.544913291931152,42
nhits,hiv_aids,12,origin_202012,3549805,263,4.0,10.800148010253906,42
nhits,hiv_aids,1,origin_202012,3549904,252,5.0,5.997156143188477,42
nhits,hiv_aids,3,origin_202012,3549904,254,12.0,5.763295650482178,42
nhits,hiv_aids,6,origin_202012,3549904,257,11.0,5.621910572052002,42
nhits,hiv_aids,12,origin_202012,3549904,263,11.0,5.073984146118164,42
nhits,hiv_aids,1,origin_202012,3550308,252,99.0,106.63018798828125,42
nhits,hiv_aids,3,origin_202012,3550308,254,95.0,105.60899353027344,42
nhits,hiv_aids,6,origin_202012,3550308,257,78.0,105.49050903320312,42
nhits,hiv_aids,12,origin_202012,3550308,263,86.0,103.43696594238281,42
nhits,hiv_aids,1,origin_202012,3551009,252,0.0,0.043681614100933075,42
nhits,hiv_aids,3,origin_202012,3551009,254,1.0,0.03652148321270943,42
nhits,hiv_aids,6,origin_202012,3551009,257,0.0,0.01799449883401394,42
nhits,hiv_aids,12,origin_202012,3551009,263,1.0,0.007707575336098671,42
nhits,hiv_aids,1,origin_202012,3552205,252,0.0,4.141231958794552e-16,42
nhits,hiv_aids,3,origin_202012,3552205,254,0.0,3.3248200466768827e-16,42
nhits,hiv_aids,6,origin_202012,3552205,257,0.0,2.8878714833908514e-16,42
nhits,hiv_aids,12,origin_202012,3552205,263,0.0,1.7151632352934392e-16,42
nhits,hiv_aids,1,origin_202012,3554102,252,3.0,1.1335894872663505e-15,42
nhits,hiv_aids,3,origin_202012,3554102,254,0.0,7.907784716722677e-16,42
nhits,hiv_aids,6,origin_202012,3554102,257,0.0,7.653531366340945e-16,42
nhits,hiv_aids,12,origin_202012,3554102,263,1.0,3.735330594096739e-16,42
nhits,hiv_aids,1,origin_202112,3505708,264,0.0,3.4059081599480123e-07,42
nhits,hiv_aids,3,origin_202112,3505708,266,2.0,1.3856060832040384e-07,42
nhits,hiv_aids,6,origin_202112,3505708,269,2.0,4.088928662326907e-08,42
nhits,hiv_aids,12,origin_202112,3505708,275,4.0,8.736937395781297e-09,42
nhits,hiv_aids,1,origin_202112,3506003,264,3.0,0.0005360385403037071,42
nhits,hiv_aids,3,origin_202112,3506003,266,2.0,0.00028188564465381205,42
nhits,hiv_aids,6,origin_202112,3506003,269,2.0,0.0001149772506323643,42
nhits,hiv_aids,12,origin_202112,3506003,275,1.0,3.6070032365387306e-05,42
nhits,hiv_aids,1,origin_202112,3509502,264,5.0,6.122540696651413e-08,42
nhits,hiv_aids,3,origin_202112,3509502,266,6.0,4.971366251993459e-08,42
nhits,hiv_aids,6,origin_202112,3509502,269,6.0,1.2908565771851954e-08,42
nhits,hiv_aids,12,origin_202112,3509502,275,4.0,1.4209927678976442e-09,42
nhits,hiv_aids,1,origin_202112,3510609,264,6.0,0.024014731869101524,42
nhits,hiv_aids,3,origin_202112,3510609,266,10.0,0.016416160389780998,42
nhits,hiv_aids,6,origin_202112,3510609,269,5.0,0.009502742439508438,42
nhits,hiv_aids,12,origin_202112,3510609,275,2.0,0.00466263247653842,42
nhits,hiv_aids,1,origin_202112,3513801,264,2.0,0.01745111308991909,42
nhits,hiv_aids,3,origin_202112,3513801,266,5.0,0.013159409165382385,42
nhits,hiv_aids,6,origin_202112,3513801,269,3.0,0.008381083607673645,42
nhits,hiv_aids,12,origin_202112,3513801,275,2.0,0.0046006119810044765,42
nhits,hiv_aids,1,origin_202112,3518701,264,2.0,4.551221354631707e-05,42
nhits,hiv_aids,3,origin_202112,3518701,266,2.0,3.8099471566965804e-05,42
nhits,hiv_aids,6,origin_202112,3518701,269,0.0,2.0157078324700706e-05,42
nhits,hiv_aids,12,origin_202112,3518701,275,1.0,7.61203500587726e-06,42
nhits,hiv_aids,1,origin_202112,3518800,264,8.0,0.3938749432563782,42
nhits,hiv_aids,3,origin_202112,3518800,266,6.0,0.38034310936927795,42
nhits,hiv_aids,6,origin_202112,3518800,269,6.0,0.30713775753974915,42
nhits,hiv_aids,12,origin_202112,3518800,275,7.0,0.21534647047519684,42
nhits,hiv_aids,1,origin_202112,3522208,264,0.0,8.709427280681485e-22,42
nhits,hiv_aids,3,origin_202112,3522208,266,0.0,4.772081391284689e-22,42
nhits,hiv_aids,6,origin_202112,3522208,269,0.0,1.67074832735352e-22,42
nhits,hiv_aids,12,origin_202112,3522208,275,1.0,3.962822878082941e-23,42
nhits,hiv_aids,1,origin_202112,3525904,264,3.0,1.40168035030365,42
nhits,hiv_aids,3,origin_202112,3525904,266,7.0,1.1913492679595947,42
nhits,hiv_aids,6,origin_202112,3525904,269,0.0,0.9207634925842285,42
nhits,hiv_aids,12,origin_202112,3525904,275,0.0,0.6324669122695923,42
nhits,hiv_aids,1,origin_202112,3529401,264,4.0,3.745625872397795e-05,42
nhits,hiv_aids,3,origin_202112,3529401,266,3.0,2.496404522389639e-05,42
nhits,hiv_aids,6,origin_202112,3529401,269,2.0,1.2043531569361221e-05,42
nhits,hiv_aids,12,origin_202112,3529401,275,3.0,4.4630519369093236e-06,42
nhits,hiv_aids,1,origin_202112,3534401,264,6.0,1.191087007522583,42
nhits,hiv_aids,3,origin_202112,3534401,266,5.0,0.9732980728149414,42
nhits,hiv_aids,6,origin_202112,3534401,269,9.0,0.7193384170532227,42
nhits,hiv_aids,12,origin_202112,3534401,275,2.0,0.46996551752090454,42
nhits,hiv_aids,1,origin_202112,3536505,264,0.0,6.911889694543988e-22,42
nhits,hiv_aids,3,origin_202112,3536505,266,0.0,3.702619001761963e-22,42
nhits,hiv_aids,6,origin_202112,3536505,269,1.0,1.2695844104915373e-22,42
nhits,hiv_aids,12,origin_202112,3536505,275,1.0,2.922649190031516e-23,42
nhits,hiv_aids,1,origin_202112,3541000,264,1.0,9.82885012490442e-07,42
nhits,hiv_aids,3,origin_202112,3541000,266,0.0,4.961534614267293e-07,42
nhits,hiv_aids,6,origin_202112,3541000,269,1.0,1.807060954206463e-07,42
nhits,hiv_aids,12,origin_202112,3541000,275,2.0,4.945603748751637e-08,42
nhits,hiv_aids,1,origin_202112,3543402,264,11.0,4.911332130432129,42
nhits,hiv_aids,3,origin_202112,3543402,266,5.0,4.366349697113037,42
nhits,hiv_aids,6,origin_202112,3543402,269,10.0,3.4664154052734375,42
nhits,hiv_aids,12,origin_202112,3543402,275,8.0,2.2787346839904785,42
nhits,hiv_aids,1,origin_202112,3547809,264,4.0,0.0006029841024428606,42
nhits,hiv_aids,3,origin_202112,3547809,266,3.0,0.00035443768138065934,42
nhits,hiv_aids,6,origin_202112,3547809,269,4.0,0.00015863320732023567,42
nhits,hiv_aids,12,origin_202112,3547809,275,1.0,5.524214793695137e-05,42
nhits,hiv_aids,1,origin_202112,3548500,264,2.0,1.5220168734231265e-06,42
nhits,hiv_aids,3,origin_202112,3548500,266,0.0,1.033873104461236e-06,42
nhits,hiv_aids,6,origin_202112,3548500,269,1.0,3.9505306403953e-07,42
nhits,hiv_aids,12,origin_202112,3548500,275,0.0,9.835112990685957e-08,42
nhits,hiv_aids,1,origin_202112,3548708,264,1.0,2.0381171946393129e-19,42
nhits,hiv_aids,3,origin_202112,3548708,266,1.0,2.275011382316843e-19,42
nhits,hiv_aids,6,origin_202112,3548708,269,1.0,2.11463902687174e-19,42
nhits,hiv_aids,12,origin_202112,3548708,275,3.0,1.1890545529569605e-19,42
nhits,hiv_aids,1,origin_202112,3549805,264,10.0,0.15695296227931976,42
nhits,hiv_aids,3,origin_202112,3549805,266,5.0,0.13399642705917358,42
nhits,hiv_aids,6,origin_202112,3549805,269,11.0,0.08883094787597656,42
nhits,hiv_aids,12,origin_202112,3549805,275,13.0,0.04714303836226463,42
nhits,hiv_aids,1,origin_202112,3549904,264,10.0,1.528361439704895,42
nhits,hiv_aids,3,origin_202112,3549904,266,11.0,1.197218656539917,42
nhits,hiv_aids,6,origin_202112,3549904,269,12.0,0.7038969397544861,42
nhits,hiv_aids,12,origin_202112,3549904,275,7.0,0.2831462323665619,42
nhits,hiv_aids,1,origin_202112,3550308,264,136.0,52.34423828125,42
nhits,hiv_aids,3,origin_202112,3550308,266,107.0,52.06044006347656,42
nhits,hiv_aids,6,origin_202112,3550308,269,95.0,49.667877197265625,42
nhits,hiv_aids,12,origin_202112,3550308,275,116.0,45.77098083496094,42
nhits,hiv_aids,1,origin_202112,3551009,264,0.0,1.4592125808121637e-05,42
nhits,hiv_aids,3,origin_202112,3551009,266,1.0,6.86725024934276e-06,42
nhits,hiv_aids,6,origin_202112,3551009,269,0.0,2.5275376174249686e-06,42
nhits,hiv_aids,12,origin_202112,3551009,275,3.0,7.285759693331784e-07,42
nhits,hiv_aids,1,origin_202112,3552205,264,0.0,1.6817306670214802e-18,42
nhits,hiv_aids,3,origin_202112,3552205,266,0.0,1.9581110450222652e-18,42
nhits,hiv_aids,6,origin_202112,3552205,269,1.0,1.4844108678000182e-18,42
nhits,hiv_aids,12,origin_202112,3552205,275,0.0,7.2208483418632785e-19,42
nhits,hiv_aids,1,origin_202112,3554102,264,0.0,2.5159369698712908e-08,42
nhits,hiv_aids,3,origin_202112,3554102,266,1.0,6.817507003376022e-09,42
nhits,hiv_aids,6,origin_202112,3554102,269,2.0,1.1814962341816226e-09,42
nhits,hiv_aids,12,origin_202112,3554102,275,0.0,1.258849968710507e-10,42
nhits,hiv_aids,1,origin_202212,3505708,276,3.0,0.00016741659783292562,42
nhits,hiv_aids,3,origin_202212,3505708,278,2.0,0.00015761480608489364,42
nhits,hiv_aids,6,origin_202212,3505708,281,0.0,8.380761573789641e-05,42
nhits,hiv_aids,12,origin_202212,3505708,287,0.0,3.259777440689504e-05,42
nhits,hiv_aids,1,origin_202212,3506003,276,3.0,0.006928576622158289,42
nhits,hiv_aids,3,origin_202212,3506003,278,6.0,0.007497427053749561,42
nhits,hiv_aids,6,origin_202212,3506003,281,4.0,0.005393591709434986,42
nhits,hiv_aids,12,origin_202212,3506003,287,4.0,0.0030252612195909023,42
nhits,hiv_aids,1,origin_202212,3509502,276,7.0,7.139549325074768e-06,42
nhits,hiv_aids,3,origin_202212,3509502,278,5.0,1.0595515959721524e-05,42
nhits,hiv_aids,6,origin_202212,3509502,281,5.0,4.245082436682424e-06,42
nhits,hiv_aids,12,origin_202212,3509502,287,8.0,7.502181347263104e-07,42
nhits,hiv_aids,1,origin_202212,3510609,276,4.0,0.05325049161911011,42
nhits,hiv_aids,3,origin_202212,3510609,278,2.0,0.04981333389878273,42
nhits,hiv_aids,6,origin_202212,3510609,281,4.0,0.03568108752369881,42
nhits,hiv_aids,12,origin_202212,3510609,287,7.0,0.022115128114819527,42
nhits,hiv_aids,1,origin_202212,3513801,276,3.0,0.06926974654197693,42
nhits,hiv_aids,3,origin_202212,3513801,278,3.0,0.07690579444169998,42
nhits,hiv_aids,6,origin_202212,3513801,281,3.0,0.06708057224750519,42
nhits,hiv_aids,12,origin_202212,3513801,287,1.0,0.04964069277048111,42
nhits,hiv_aids,1,origin_202212,3518701,276,4.0,0.00013153014879208058,42
nhits,hiv_aids,3,origin_202212,3518701,278,1.0,0.00014909917081240565,42
nhits,hiv_aids,6,origin_202212,3518701,281,3.0,9.782217966858298e-05,42
nhits,hiv_aids,12,origin_202212,3518701,287,4.0,4.608606832334772e-05,42
nhits,hiv_aids,1,origin_202212,3518800,276,9.0,4.016425609588623,42
nhits,hiv_aids,3,origin_202212,3518800,278,8.0,4.0761847496032715,42
nhits,hiv_aids,6,origin_202212,3518800,281,5.0,3.901982307434082,42
nhits,hiv_aids,12,origin_202212,3518800,287,8.0,3.586984395980835,42
nhits,hiv_aids,1,origin_202212,3522208,276,1.0,2.0124626587403327e-07,42
nhits,hiv_aids,3,origin_202212,3522208,278,1.0,1.1550573475460624e-07,42
nhits,hiv_aids,6,origin_202212,3522208,281,0.0,3.5597668812670236e-08,42
nhits,hiv_aids,12,origin_202212,3522208,287,2.0,8.106157523002366e-09,42
nhits,hiv_aids,1,origin_202212,3525904,276,2.0,4.2398568355781475e-17,42
nhits,hiv_aids,3,origin_202212,3525904,278,1.0,4.801272589124013e-17,42
nhits,hiv_aids,6,origin_202212,3525904,281,0.0,4.898061323471088e-17,42
nhits,hiv_aids,12,origin_202212,3525904,287,5.0,4.311046315200176e-17,42
nhits,hiv_aids,1,origin_202212,3529401,276,0.0,0.00557895191013813,42
nhits,hiv_aids,3,origin_202212,3529401,278,1.0,0.005599432159215212,42
nhits,hiv_aids,6,origin_202212,3529401,281,3.0,0.0036340979859232903,42
nhits,hiv_aids,12,origin_202212,3529401,287,2.0,0.0018390010809525847,42
nhits,hiv_aids,1,origin_202212,3534401,276,4.0,0.1444597989320755,42
nhits,hiv_aids,3,origin_202212,3534401,278,8.0,0.15182800590991974,42
nhits,hiv_aids,6,origin_202212,3534401,281,6.0,0.12568998336791992,42
nhits,hiv_aids,12,origin_202212,3534401,287,3.0,0.08970249444246292,42
nhits,hiv_aids,1,origin_202212,3536505,276,0.0,1.723509868156725e-08,42
nhits,hiv_aids,3,origin_202212,3536505,278,0.0,8.123755002031885e-09,42
nhits,hiv_aids,6,origin_202212,3536505,281,0.0,2.0711239390180936e-09,42
nhits,hiv_aids,12,origin_202212,3536505,287,0.0,3.956369398760984e-10,42
nhits,hiv_aids,1,origin_202212,3541000,276,1.0,4.486375109991059e-05,42
nhits,hiv_aids,3,origin_202212,3541000,278,0.0,4.124812039663084e-05,42
nhits,hiv_aids,6,origin_202212,3541000,281,1.0,2.2038688257453032e-05,42
nhits,hiv_aids,12,origin_202212,3541000,287,1.0,8.752642315812409e-06,42
nhits,hiv_aids,1,origin_202212,3543402,276,7.0,3.046692371368408,42
nhits,hiv_aids,3,origin_202212,3543402,278,3.0,3.2110540866851807,42
nhits,hiv_aids,6,origin_202212,3543402,281,5.0,2.8622994422912598,42
nhits,hiv_aids,12,origin_202212,3543402,287,16.0,2.2102487087249756,42
nhits,hiv_aids,1,origin_202212,3547809,276,1.0,0.001210354152135551,42
nhits,hiv_aids,3,origin_202212,3547809,278,7.0,0.0013279876438900828,42
nhits,hiv_aids,6,origin_202212,3547809,281,3.0,0.0009521624306216836,42
nhits,hiv_aids,12,origin_202212,3547809,287,1.0,0.0005270825931802392,42
nhits,hiv_aids,1,origin_202212,3548500,276,1.0,1.0768635294885105e-19,42
nhits,hiv_aids,3,origin_202212,3548500,278,0.0,1.816359119701796e-19,42
nhits,hiv_aids,6,origin_202212,3548500,281,1.0,1.608738595408576e-19,42
nhits,hiv_aids,12,origin_202212,3548500,287,3.0,8.56411236696091e-20,42
nhits,hiv_aids,1,origin_202212,3548708,276,3.0,0.0010564507683739066,42
nhits,hiv_aids,3,origin_202212,3548708,278,2.0,0.0010053071891888976,42
nhits,hiv_aids,6,origin_202212,3548708,281,1.0,0.0005951946368440986,42
nhits,hiv_aids,12,origin_202212,3548708,287,1.0,0.0002738505136221647,42
nhits,hiv_aids,1,origin_202212,3549805,276,18.0,8.173582077026367,42
nhits,hiv_aids,3,origin_202212,3549805,278,9.0,8.181662559509277,42
nhits,hiv_aids,6,origin_202212,3549805,281,7.0,7.845657825469971,42
nhits,hiv_aids,12,origin_202212,3549805,287,9.0,7.31731653213501,42
nhits,hiv_aids,1,origin_202212,3549904,276,16.0,1.1880497932434082,42
nhits,hiv_aids,3,origin_202212,3549904,278,13.0,1.2397478818893433,42
nhits,hiv_aids,6,origin_202212,3549904,281,17.0,0.9606286287307739,42
nhits,hiv_aids,12,origin_202212,3549904,287,16.0,0.5803653597831726,42
nhits,hiv_aids,1,origin_202212,3550308,276,131.0,85.99639892578125,42
nhits,hiv_aids,3,origin_202212,3550308,278,128.0,86.84910583496094,42
nhits,hiv_aids,6,origin_202212,3550308,281,101.0,85.22918701171875,42
nhits,hiv_aids,12,origin_202212,3550308,287,104.0,82.05586242675781,42
nhits,hiv_aids,1,origin_202212,3551009,276,0.0,0.001337318797595799,42
nhits,hiv_aids,3,origin_202212,3551009,278,0.0,0.0014027466531842947,42
nhits,hiv_aids,6,origin_202212,3551009,281,1.0,0.000891628151293844,42
nhits,hiv_aids,12,origin_202212,3551009,287,0.0,0.0004240283742547035,42
nhits,hiv_aids,1,origin_202212,3552205,276,0.0,6.33166847444787e-19,42
nhits,hiv_aids,3,origin_202212,3552205,278,0.0,8.601604586718817e-19,42
nhits,hiv_aids,6,origin_202212,3552205,281,0.0,6.606208685778454e-19,42
nhits,hiv_aids,12,origin_202212,3552205,287,0.0,3.4478697388800153e-19,42
nhits,hiv_aids,1,origin_202212,3554102,276,1.0,6.280019833987942e-20,42
nhits,hiv_aids,3,origin_202212,3554102,278,0.0,9.022036969130852e-20,42
nhits,hiv_aids,6,origin_202212,3554102,281,0.0,6.105710260703144e-20,42
nhits,hiv_aids,12,origin_202212,3554102,287,3.0,2.4584654372734142e-20,42
