model,disease,horizon,mae,rmse,smape
catboost,hanseniase,1,0.3726796850296291,0.7414588303664817,186.50025338884203
catboost,hanseniase,3,0.4255570612616673,0.7080580657690831,182.37067471316738
catboost,hanseniase,6,0.5305443231187768,1.3842431664389563,182.37014336871692
catboost,hanseniase,12,0.40415130567209334,0.6995394368153065,170.2801173733834
catboost,hepatite,1,0.23235085497166919,0.46989537432123163,186.8069997389263
catboost,hepatite,3,0.2929033105113137,0.7934507403170085,185.87689456125068
catboost,hepatite,6,0.30304952061333246,0.5779132120163444,184.6634494960723
catboost,hepatite,12,0.2627785104145394,0.6305223804394554,185.4584356513825
catboost,hiv_aids,1,3.037609862573256,7.3148067076816,71.99800204104928
catboost,hiv_aids,3,2.21017902303262,3.8937290515390184,85.35260002461109
catboost,hiv_aids,6,2.232462828328044,3.521935194763743,91.14577971721752
catboost,hiv_aids,12,2.504655661701287,4.145531528223686,80.91068035093919
catboost,sifilis,1,2.80757135534787,5.817510830526169,82.61522153910899
catboost,sifilis,3,2.9681470371416134,5.509826403325105,85.16413140546675
catboost,sifilis,6,2.4845684489670603,3.787204605228305,81.25630198944896
catboost,sifilis,12,2.9668194289900875,5.612344011121094,80.96720528976832
catboost,tuberculose,1,3.0383643874879427,5.061912967284762,67.60582718414781
catboost,tuberculose,3,2.9221565262442937,5.346647571671627,57.88831394284979
catboost,tuberculose,6,2.733911762252479,4.9945031087012595,59.2556594746907
catboost,tuberculose,12,2.8589965469399536,4.786807399987152,62.03480491580116
lgbm,hanseniase,1,0.3579225966134792,0.821893300114421,186.99544766780707
lgbm,hanseniase,3,0.433091490457503,0.7609551332297051,182.78374854353402
lgbm,hanseniase,6,0.5049113793285464,1.398753391952515,180.38988932431016
lgbm,hanseniase,12,0.40390406935311285,0.7332179833227621,170.82727555359162
lgbm,hepatite,1,0.2306132335766975,0.5187696703277143,187.6964210915985
lgbm,hepatite,3,0.29548252105385064,0.8452260414454157,185.58565722085427
lgbm,hepatite,6,0.27553130914326684,0.546764241249394,183.33637155152374
lgbm,hepatite,12,0.2459216096994417,0.6173906946029369,185.5643688934844
lgbm,hiv_aids,1,2.8381935013681594,6.752846391115111,71.84092172923059
lgbm,hiv_aids,3,2.419662790479003,4.58026677564096,85.07721568503017
lgbm,hiv_aids,6,2.3261183823664955,3.7332296491826717,92.75525395204257
lgbm,hiv_aids,12,3.269622654129792,6.564858173455278,85.11323708853
lgbm,sifilis,1,2.6855279960186023,4.774335778746134,85.90002671866816
lgbm,sifilis,3,2.6629361903156825,4.759969233246502,83.7842181334327
lgbm,sifilis,6,2.5081432187976724,3.618548507121414,82.57500986745849
lgbm,sifilis,12,2.9318857988123637,5.450071447931581,82.28364200496021
lgbm,tuberculose,1,2.827261730656329,4.704861571033444,65.94793263189554
lgbm,tuberculose,3,3.0119387493381202,5.413899577936639,59.85180481328736
lgbm,tuberculose,6,2.8126479404566234,5.233614148251166,60.75946974635036
lgbm,tuberculose,12,2.7416853015563256,4.821824519338786,60.01915322907158
prophet,hanseniase,1,0.4067814661200957,0.7991704774227912,188.5837330674691
prophet,hanseniase,3,0.5285264311681546,0.9290539647015521,182.97169397083283
prophet,hanseniase,6,0.5937234815354226,1.6264930948898173,179.94043289631088
prophet,hanseniase,12,0.4637196607709252,0.8069992712685832,172.3984991033181
prophet,hepatite,1,0.14862731061685458,0.43331728795147084,174.1380486929236
prophet,hepatite,3,0.21443132228538125,0.6589406021330851,161.08914715383253
prophet,hepatite,6,0.2730233056959427,0.5780382171291465,174.70927289548462
prophet,hepatite,12,0.2244246670472661,0.7427282192261307,164.39635796961795
prophet,hiv_aids,1,3.9300599272703756,9.71145639556409,96.27312028163279
prophet,hiv_aids,3,2.9736690277937674,5.843169729909285,100.97636641400786
prophet,hiv_aids,6,3.261882229841873,7.435568319488188,123.6708636273772
prophet,hiv_aids,12,3.020434852526445,6.112303643060342,108.68307214026609
prophet,sifilis,1,2.732771249369576,4.615504727111828,88.67563754860277
prophet,sifilis,3,2.422709693528456,4.014118384643403,78.99073830788097
prophet,sifilis,6,2.527546587764818,3.596302587692504,82.79692019115936
prophet,sifilis,12,3.135601628521468,5.841658882215734,81.52516711038606
prophet,tuberculose,1,2.525144718781443,3.8475187731598446,64.917095695005
prophet,tuberculose,3,2.792504531607966,4.967523146821782,64.27452838674562
prophet,tuberculose,6,2.9097179730524925,5.673743027010326,62.49913307995029
prophet,tuberculose,12,2.884204417322792,5.561466429387923,67.03414875236687
sarima,hanseniase,1,0.5496926889400524,1.0743822200456732,188.05858998651428
sarima,hanseniase,3,0.6188818448635689,1.1450041895962388,184.33286780923694
sarima,hanseniase,6,0.7385420470764865,1.8067413545678221,184.06532919043346
sarima,hanseniase,12,0.7096826938365628,1.4459983185066188,173.37163232830318
sarima,hepatite,1,0.24398165585815687,0.5580410206249654,189.36373500057894
sarima,hepatite,3,0.2830212500649787,0.810505693769058,186.59099750051348
sarima,hepatite,6,0.26143743311639905,0.5189370631585167,183.65160783796415
sarima,hepatite,12,0.2628483218379096,0.6553384173408588,186.02368561865444
sarima,hiv_aids,1,2.5218068185697673,5.299017003397556,86.68239587547157
sarima,hiv_aids,3,2.1618790688782767,3.6840738583735666,98.95871488355502
sarima,hiv_aids,6,2.919051539476799,6.158878982626557,112.86862125448187
sarima,hiv_aids,12,3.2698529337978237,5.57130573513456,108.87551910712764
sarima,sifilis,1,2.581582171923441,4.690911101021776,84.64190684256046
sarima,sifilis,3,2.8055818600013205,4.680578134362114,85.65066814908121
sarima,sifilis,6,2.3267743210105793,3.3339378548182186,81.18038297039126
sarima,sifilis,12,3.2903131690362226,6.287424369485253,80.61480819227849
sarima,tuberculose,1,3.081144293476625,5.482787209357829,68.10450725637517
sarima,tuberculose,3,2.9321271469917796,5.293116435029907,61.62867079010726
sarima,tuberculose,6,2.692127597346173,4.429101031910391,61.0975389209138
sarima,tuberculose,12,2.7281613742386037,4.530977402497216,60.98922995213142
seasonal_ma3,hanseniase,1,0.4456521800678709,0.9339149886387498,178.20487962906762
seasonal_ma3,hanseniase,3,0.46014493153147074,0.8571239816343761,163.81347938308426
seasonal_ma3,hanseniase,6,0.6594202910428462,1.8367652629600904,161.1739183888372
seasonal_ma3,hanseniase,12,0.4420289863710818,0.8356438993558027,138.01528587228466
seasonal_ma3,hepatite,1,0.24637681148622348,0.5711227461277097,155.35790561465882
seasonal_ma3,hepatite,3,0.26086956618920615,0.6998320557575657,161.607142505369
seasonal_ma3,hepatite,6,0.2934782621653183,0.5844951220608603,165.30663736594414
seasonal_ma3,hepatite,12,0.2463768131059149,0.6597437652823855,151.68760648094522
seasonal_ma3,hiv_aids,1,2.9275361503595887,5.49306223572057,81.75947197357587
seasonal_ma3,hiv_aids,3,2.8442028300917666,4.996203239625838,93.37488663867182
seasonal_ma3,hiv_aids,6,3.771739131730536,9.056072761038022,102.6839432629514
seasonal_ma3,hiv_aids,12,2.931159473631693,5.592670799632172,89.05727569420257
seasonal_ma3,sifilis,1,3.0326087131448416,4.830531201531243,98.25942686517863
seasonal_ma3,sifilis,3,2.8442029467095504,5.044170681543633,85.65394988872714
seasonal_ma3,sifilis,6,2.6449275975641995,3.9141067675014702,72.41170929839801
seasonal_ma3,sifilis,12,3.413043534626132,6.3644552741586855,80.60610678287438
seasonal_ma3,tuberculose,1,2.4166666975487834,3.2926207465144595,70.6666641936501
seasonal_ma3,tuberculose,3,2.992753622972447,5.152076545283503,65.38810109693998
seasonal_ma3,tuberculose,6,3.0072463605067004,5.420103384011275,68.66554859164917
seasonal_ma3,tuberculose,12,2.6739130366755566,4.371878923399186,60.12813407745333
seasonal_naive,hanseniase,1,0.36956521739130427,0.973178830332311,139.25796425796426
seasonal_naive,hanseniase,3,0.5108695652173912,1.02564551421461,163.53174603174602
seasonal_naive,hanseniase,6,0.7717391304347826,2.7225751408246612,155.6019377447949
seasonal_naive,hanseniase,12,0.46739130434782605,0.9382625911106441,138.67857142857144
seasonal_naive,hepatite,1,0.2608695652173913,0.6429099235112598,160.55555555555554
seasonal_naive,hepatite,3,0.2826086956521739,0.9526527967798482,140.83333333333331
seasonal_naive,hepatite,6,0.3043478260869565,0.6767827662730013,171.66666666666669
seasonal_naive,hepatite,12,0.22826086956521735,0.7781962377504023,123.84615384615384
seasonal_naive,hiv_aids,1,3.0543478260869565,6.340789709898158,84.44877265618061
seasonal_naive,hiv_aids,3,3.2934782608695654,7.09891207740761,91.04732565428144
seasonal_naive,hiv_aids,6,2.9782608695652177,6.128099208040612,97.47062203962972
seasonal_naive,hiv_aids,12,3.619565217391304,5.588132087647368,114.47225572443618
seasonal_naive,sifilis,1,3.413043478260869,5.710366684088907,96.67412550928411
seasonal_naive,sifilis,3,3.489130434782609,6.555394366724656,90.93104672150866
seasonal_naive,sifilis,6,3.4130434782608696,4.865191843675133,83.83109627003488
seasonal_naive,sifilis,12,3.8804347826086962,6.459933038657704,76.67437238364748
seasonal_naive,tuberculose,1,2.869565217391304,4.21870283568466,76.32651212264855
seasonal_naive,tuberculose,3,3.5434782608695654,6.004863547127314,73.97258147836791
seasonal_naive,tuberculose,6,3.217391304347826,5.115417616388218,69.2798309996323
seasonal_naive,tuberculose,12,3.1195652173913047,5.038373767259851,71.3926116729616
xgboost,hanseniase,1,0.3637542936181568,0.8226859975152762,187.01291486433178
xgboost,hanseniase,3,0.42166487297610095,0.7042187146523238,181.6329656178063
xgboost,hanseniase,6,0.476105073325174,1.278688909580373,179.76371354753573
xgboost,hanseniase,12,0.41346402245614194,0.7303406435225881,169.55490977099964
xgboost,hepatite,1,0.24343518945186032,0.5480412972371396,186.9510418369013
xgboost,hepatite,3,0.2870902359920918,0.7866023675209992,185.39045209693688
xgboost,hepatite,6,0.26444896120760264,0.5252655978898286,183.14243907597216
xgboost,hepatite,12,0.23811321210561562,0.6105139704066159,185.59177637181165
xgboost,hiv_aids,1,2.7533458447002843,6.191324457465697,73.45528503681763
xgboost,hiv_aids,3,2.1639658938283506,3.8077962663608633,85.26159297273648
xgboost,hiv_aids,6,2.3340485685545467,4.021517001858146,93.31281039294477
xgboost,hiv_aids,12,3.0038158877388295,5.683444319211371,86.01643833725466
xgboost,sifilis,1,2.47385653756235,4.423927977513632,84.05591814823377
xgboost,sifilis,3,2.677621252996766,4.755454125288783,83.9772407155979
xgboost,sifilis,6,2.3186432189591555,3.218090029961374,83.94094520654517
xgboost,sifilis,12,3.132007494811779,5.791500289428777,83.127646902618
xgboost,tuberculose,1,2.8191720558249433,4.769571978335558,65.80911599256919
xgboost,tuberculose,3,2.852163902443388,4.797964017617986,59.9761011043273
xgboost,tuberculose,6,2.7042186124169305,4.8031410767807285,60.31415291830561
xgboost,tuberculose,12,2.9508786726257075,5.5371309116536915,59.37336025593932
gru,hanseniase,1,0.18181681298978597,0.7332760506421426,192.74180805594793
gru,hanseniase,3,0.3834894457359635,0.9344561562967872,195.91380541253332
gru,hanseniase,6,0.5014534883596151,1.9128194040360087,195.75269473463436
gru,hanseniase,12,0.3719032570243067,0.8774700201285287,192.83101561294666
gru,hepatite,1,0.1670688161251851,0.5540399884671348,196.68029746923295
gru,hepatite,3,0.19435075241737843,0.9112668719120756,192.02677454835185
gru,hepatite,6,0.33897994867893544,0.6462763120104604,191.9468198939831
gru,hepatite,12,1.0459470696358562,2.172629555867914,185.60163069243785
gru,hiv_aids,1,2.8791781211314076,6.296737684576101,112.93653866355339
gru,hiv_aids,3,2.5803254685905146,5.86567233908459,115.75231490529944
gru,hiv_aids,6,3.9659912429438573,11.410801792382998,121.56549435023389
gru,hiv_aids,12,3.222031293979645,8.107463900866007,115.68632602096226
gru,sifilis,1,3.5987256813258734,6.749797321236269,118.52131760149467
gru,sifilis,3,3.327871395577475,6.061929387978111,116.1939046049129
gru,sifilis,6,3.410360105330481,5.0262684116660425,122.07467588642595
gru,sifilis,12,4.0030175641857255,6.938598770903621,103.71401136830882
gru,tuberculose,1,2.466567712238706,4.054902428724658,73.9742188564161
gru,tuberculose,3,2.964155318468566,4.832706332452395,73.61481590908367
gru,tuberculose,6,3.1319996708518136,6.679337771255242,70.29843157031193
gru,tuberculose,12,2.6658608511738153,4.856077115823534,65.07391612051315
lstm,hanseniase,1,0.19660057238108436,0.7489421711737994,193.64118536445991
lstm,hanseniase,3,0.3551382013749139,0.898371415898363,194.9085143979309
lstm,hanseniase,6,0.5003862027890362,2.0075730978417163,196.05891516735431
lstm,hanseniase,12,0.38058686645248907,0.8866818272388205,193.30011086845093
lstm,hepatite,1,0.14227145141615874,0.5143235708064293,193.91946008631118
lstm,hepatite,3,0.17301643033987427,0.7841514474194008,191.82116667094618
lstm,hepatite,6,0.24159473149652536,0.6125501694997472,192.4249479838889
lstm,hepatite,12,0.20075242246358835,0.824723856088997,187.43513178006793
lstm,hiv_aids,1,3.0260318854072,6.607219667418676,109.62076142386252
lstm,hiv_aids,3,2.508582310821862,5.887282524531509,110.76818074751604
lstm,hiv_aids,6,3.9786701777615376,12.179793060096118,120.52874041422442
lstm,hiv_aids,12,3.1554221423101327,8.042571382323544,107.95308776121372
lstm,sifilis,1,3.9932405785673,7.714155460104904,120.38763951641668
lstm,sifilis,3,3.625454719514522,6.736810019347753,116.93517913298916
lstm,sifilis,6,3.4469323358560127,5.541752769610374,112.38158801450501
lstm,sifilis,12,3.661405844638133,6.331237315416927,109.03756039373687
lstm,tuberculose,1,2.800061641726643,4.728085397214462,76.45884340284326
lstm,tuberculose,3,2.9267226611871435,5.370112639108278,65.42875110794685
lstm,tuberculose,6,2.988697937588491,5.713921965100266,63.214334581885566
lstm,tuberculose,12,2.6877587147907396,4.553841686353298,61.11768654033962
nhits,hanseniase,1,0.24619533976229124,1.0281747961608438,194.60765807416934
nhits,hanseniase,3,0.3141871481565748,0.8213035925473939,193.56555649739042
nhits,hanseniase,6,0.479103943450965,2.0826346147043,194.76424079508394
nhits,hanseniase,12,0.3901512000339458,0.9020828424815203,194.87309700629908
nhits,hepatite,1,0.16514687606199321,0.6183721489897694,196.38238544492893
nhits,hepatite,3,0.2563515611900189,0.989580990489914,199.08768422501842
nhits,hepatite,6,0.1965591063001383,0.5483762371777067,195.81982764897873
nhits,hepatite,12,0.2574012688771331,1.0134063597180663,199.03180188365818
nhits,hiv_aids,1,4.407818803517407,11.278863976967244,151.16117729035608
nhits,hiv_aids,3,3.784160235397236,8.649162843706684,155.40319470120352
nhits,hiv_aids,6,3.6087404345094938,8.166022225730444,159.8349361419136
nhits,hiv_aids,12,4.112512698467158,9.168126872915092,163.15521232734653
nhits,sifilis,1,3.084180635594873,5.0607403622280485,108.65662325070753
nhits,sifilis,3,3.455517309870967,5.547779699522389,109.76564803119417
nhits,sifilis,6,2.9939025057106305,4.166733291463367,104.83829032896415
nhits,sifilis,12,4.2113041138447365,6.812333913100945,108.93553845378634
nhits,tuberculose,1,3.330316580315729,5.408687461574984,98.15718624091481
nhits,tuberculose,3,2.9982467851318084,4.645957552150982,93.59541141847008
nhits,tuberculose,6,3.012452516309998,5.369283344265415,95.27351581136348
nhits,tuberculose,12,3.369979009179032,6.009669721849299,92.72918302081493
tft,hanseniase,1,0.5643585913678751,1.7209823128649666,196.27319912386633
tft,hanseniase,3,0.6799710512772728,1.7252316035427828,193.53436215889826
tft,hanseniase,6,0.6228733505414573,1.893943459407749,192.55730731425777
tft,hanseniase,12,0.6679477368362967,1.5295577729985683,192.32442907967095
tft,hepatite,1,0.1807214603234866,0.560914659594484,194.09213973262206
tft,hepatite,3,0.22014746096252202,0.864579409336987,194.865885141625
tft,hepatite,6,0.23940802315110657,0.6369635670162992,192.0500233038712
tft,hepatite,12,0.24163274820338898,0.9039392991171982,193.3489722757608
tft,hiv_aids,1,2.504828890953021,5.8827019276192845,93.76788460665615
tft,hiv_aids,3,2.7112868904889935,6.6653207822024765,99.82473672381191
tft,hiv_aids,6,4.051892837937529,11.934621710927473,106.33090088779397
tft,hiv_aids,12,3.5567745960290424,9.136713723815783,101.49834967335691
tft,sifilis,1,3.273319366367043,5.964654795501775,105.18153191526845
tft,sifilis,3,2.91521439084015,5.628478759076825,96.0709363991181
tft,sifilis,6,2.6511987497899208,3.8433917642547915,100.61554858406905
tft,sifilis,12,3.5982128586210522,6.459841044265938,97.65939494473625
tft,tuberculose,1,2.601551520273737,4.107048967728086,71.88349520970368
tft,tuberculose,3,2.9566329052752773,5.1035442840520036,66.5578987196779
tft,tuberculose,6,3.162631075181391,6.13563989506938,69.87287746718101
tft,tuberculose,12,2.629660725188644,4.658838606312349,66.36718685076094
