disease,horizon,origin,cd_mun,time_idx,y_true,y_pred,members
hanseniase,1,origin_202112,3505708,264,0.0,3.709520077443247e-17,"lstm,gru,nhits"
hanseniase,1,origin_202112,3506003,264,0.0,0.0003989591593078349,"lstm,gru,nhits"
hanseniase,1,origin_202112,3509502,264,0.0,0.002189113551998112,"lstm,gru,nhits"
hanseniase,1,origin_202112,3510609,264,0.0,4.2716634742012873e-17,"lstm,gru,nhits"
hanseniase,1,origin_202112,3513801,264,0.0,5.127124233844646e-17,"lstm,gru,nhits"
hanseniase,1,origin_202112,3518701,264,0.0,5.0527490519533196e-06,"lstm,gru,nhits"
hanseniase,1,origin_202112,3518800,264,0.0,0.00033079376012588716,"lstm,gru,nhits"
hanseniase,1,origin_202112,3522208,264,0.0,1.0666855739601151e-16,"lstm,gru,nhits"
hanseniase,1,origin_202112,3525904,264,0.0,4.387200255813558e-14,"lstm,gru,nhits"
hanseniase,1,origin_202112,3529401,264,0.0,1.6696435964753945e-16,"lstm,gru,nhits"
hanseniase,1,origin_202112,3534401,264,0.0,3.330549375602022e-15,"lstm,gru,nhits"
hanseniase,1,origin_202112,3536505,264,1.0,5.4216647762744326e-17,"lstm,gru,nhits"
hanseniase,1,origin_202112,3541000,264,0.0,8.705929260425323e-18,"lstm,gru,nhits"
hanseniase,1,origin_202112,3543402,264,0.0,0.09564631189943891,"lstm,gru,nhits"
hanseniase,1,origin_202112,3547809,264,0.0,3.015780142426944e-06,"lstm,gru,nhits"
hanseniase,1,origin_202112,3548500,264,0.0,1.2204089823163949e-05,"lstm,gru,nhits"
hanseniase,1,origin_202112,3548708,264,0.0,2.7048510674541136e-05,"lstm,gru,nhits"
hanseniase,1,origin_202112,3549805,264,0.0,1.4414200097257814e-15,"lstm,gru,nhits"
hanseniase,1,origin_202112,3549904,264,0.0,2.762983644216847e-17,"lstm,gru,nhits"
hanseniase,1,origin_202112,3550308,264,2.0,1.541417380174001,"lstm,gru,nhits"
hanseniase,1,origin_202112,3551009,264,0.0,9.664730905925338e-06,"lstm,gru,nhits"
hanseniase,1,origin_202112,3552205,264,0.0,2.37274100703801e-17,"lstm,gru,nhits"
hanseniase,1,origin_202112,3554102,264,0.0,3.913956883509741e-17,"lstm,gru,nhits"
hanseniase,1,origin_202212,3505708,276,0.0,1.8263521109760807e-15,"lstm,gru,nhits"
hanseniase,1,origin_202212,3506003,276,0.0,0.29890883424862597,"lstm,gru,nhits"
hanseniase,1,origin_202212,3509502,276,0.0,0.00580301819475909,"lstm,gru,nhits"
hanseniase,1,origin_202212,3510609,276,0.0,4.026142459993858e-16,"lstm,gru,nhits"
hanseniase,1,origin_202212,3513801,276,0.0,5.558555833317194e-16,"lstm,gru,nhits"
hanseniase,1,origin_202212,3518701,276,0.0,1.2285778155800119e-14,"lstm,gru,nhits"
hanseniase,1,origin_202212,3518800,276,0.0,0.0008456698353142899,"lstm,gru,nhits"
hanseniase,1,origin_202212,3522208,276,0.0,2.3164192496878596e-16,"lstm,gru,nhits"
hanseniase,1,origin_202212,3525904,276,0.0,0.0008461648459993643,"lstm,gru,nhits"
hanseniase,1,origin_202212,3529401,276,0.0,7.772687086509603e-16,"lstm,gru,nhits"
hanseniase,1,origin_202212,3534401,276,0.0,1.296469323904661e-13,"lstm,gru,nhits"
hanseniase,1,origin_202212,3536505,276,0.0,2.290159397496554e-16,"lstm,gru,nhits"
hanseniase,1,origin_202212,3541000,276,0.0,1.3354517322780352e-16,"lstm,gru,nhits"
hanseniase,1,origin_202212,3543402,276,0.0,2.478413081265572e-10,"lstm,gru,nhits"
hanseniase,1,origin_202212,3547809,276,0.0,1.7274139566305472e-16,"lstm,gru,nhits"
hanseniase,1,origin_202212,3548500,276,0.0,0.0002600223330487974,"lstm,gru,nhits"
hanseniase,1,origin_202212,3548708,276,0.0,1.1037946368168152e-15,"lstm,gru,nhits"
hanseniase,1,origin_202212,3549805,276,0.0,3.123861903898437e-14,"lstm,gru,nhits"
hanseniase,1,origin_202212,3549904,276,1.0,4.855703615631752e-16,"lstm,gru,nhits"
hanseniase,1,origin_202212,3550308,276,2.0,1.72395263115565,"lstm,gru,nhits"
hanseniase,1,origin_202212,3551009,276,0.0,0.0011108776865447342,"lstm,gru,nhits"
hanseniase,1,origin_202212,3552205,276,0.0,2.224346768321317e-16,"lstm,gru,nhits"
hanseniase,1,origin_202212,3554102,276,1.0,0.0002998916315862243,"lstm,gru,nhits"
hanseniase,3,origin_202112,3505708,266,0.0,0.05029308534133111,"xgboost,nhits,catboost"
hanseniase,3,origin_202112,3506003,266,0.0,0.45306628888594386,"xgboost,nhits,catboost"
hanseniase,3,origin_202112,3509502,266,1.0,1.580116693544294,"xgboost,nhits,catboost"
hanseniase,3,origin_202112,3510609,266,1.0,0.03495934148940904,"xgboost,nhits,catboost"
hanseniase,3,origin_202112,3513801,266,1.0,0.03446377188382787,"xgboost,nhits,catboost"
hanseniase,3,origin_202112,3518701,266,1.0,0.08616810864098444,"xgboost,nhits,catboost"
hanseniase,3,origin_202112,3518800,266,0.0,0.39572945230880174,"xgboost,nhits,catboost"
hanseniase,3,origin_202112,3522208,266,1.0,0.022529910902587335,"xgboost,nhits,catboost"
hanseniase,3,origin_202112,3525904,266,0.0,0.10068100380030896,"xgboost,nhits,catboost"
hanseniase,3,origin_202112,3529401,266,0.0,0.032688789772531444,"xgboost,nhits,catboost"
hanseniase,3,origin_202112,3534401,266,2.0,0.06080990933273491,"xgboost,nhits,catboost"
hanseniase,3,origin_202112,3536505,266,0.0,0.014971808934192197,"xgboost,nhits,catboost"
hanseniase,3,origin_202112,3541000,266,0.0,0.030983069386625168,"xgboost,nhits,catboost"
hanseniase,3,origin_202112,3543402,266,0.0,0.4919755593094677,"xgboost,nhits,catboost"
hanseniase,3,origin_202112,3547809,266,0.0,0.06731756636428515,"xgboost,nhits,catboost"
hanseniase,3,origin_202112,3548500,266,0.0,0.061959661698763886,"xgboost,nhits,catboost"
hanseniase,3,origin_202112,3548708,266,0.0,0.07082978786744588,"xgboost,nhits,catboost"
hanseniase,3,origin_202112,3549805,266,0.0,0.09939257308647838,"xgboost,nhits,catboost"
hanseniase,3,origin_202112,3549904,266,0.0,0.07384735707193564,"xgboost,nhits,catboost"
hanseniase,3,origin_202112,3550308,266,2.0,2.5478869446176318,"xgboost,nhits,catboost"
hanseniase,3,origin_202112,3551009,266,0.0,0.11507248120948528,"xgboost,nhits,catboost"
hanseniase,3,origin_202112,3552205,266,0.0,0.05186626339636052,"xgboost,nhits,catboost"
hanseniase,3,origin_202112,3554102,266,0.0,0.06285416285130413,"xgboost,nhits,catboost"
hanseniase,3,origin_202212,3505708,278,0.0,0.10272304471983669,"xgboost,nhits,catboost"
hanseniase,3,origin_202212,3506003,278,1.0,0.5073839646339265,"xgboost,nhits,catboost"
hanseniase,3,origin_202212,3509502,278,0.0,0.9217870582286459,"xgboost,nhits,catboost"
hanseniase,3,origin_202212,3510609,278,0.0,0.05937549457754084,"xgboost,nhits,catboost"
hanseniase,3,origin_202212,3513801,278,0.0,0.0980891779304507,"xgboost,nhits,catboost"
hanseniase,3,origin_202212,3518701,278,0.0,0.08991078854825936,"xgboost,nhits,catboost"
hanseniase,3,origin_202212,3518800,278,0.0,0.5865448242783643,"xgboost,nhits,catboost"
hanseniase,3,origin_202212,3522208,278,0.0,0.029279269645930778,"xgboost,nhits,catboost"
hanseniase,3,origin_202212,3525904,278,0.0,0.12913540070546237,"xgboost,nhits,catboost"
hanseniase,3,origin_202212,3529401,278,0.0,0.04841140170505681,"xgboost,nhits,catboost"
hanseniase,3,origin_202212,3534401,278,0.0,0.08013105433992407,"xgboost,nhits,catboost"
hanseniase,3,origin_202212,3536505,278,0.0,0.040403861895085824,"xgboost,nhits,catboost"
hanseniase,3,origin_202212,3541000,278,0.0,0.04536861031825846,"xgboost,nhits,catboost"
hanseniase,3,origin_202212,3543402,278,3.0,0.2047930796756888,"xgboost,nhits,catboost"
hanseniase,3,origin_202212,3547809,278,0.0,0.05777347672113738,"xgboost,nhits,catboost"
hanseniase,3,origin_202212,3548500,278,0.0,0.07582035188864807,"xgboost,nhits,catboost"
hanseniase,3,origin_202212,3548708,278,0.0,0.06455206531938688,"xgboost,nhits,catboost"
hanseniase,3,origin_202212,3549805,278,0.0,0.09864600888378199,"xgboost,nhits,catboost"
hanseniase,3,origin_202212,3549904,278,0.0,0.07540997336811728,"xgboost,nhits,catboost"
hanseniase,3,origin_202212,3550308,278,0.0,1.808614539688242,"xgboost,nhits,catboost"
hanseniase,3,origin_202212,3551009,278,0.0,0.1611828666193103,"xgboost,nhits,catboost"
hanseniase,3,origin_202212,3552205,278,0.0,0.05920872388488235,"xgboost,nhits,catboost"
hanseniase,3,origin_202212,3554102,278,0.0,0.06148160267672,"xgboost,nhits,catboost"
hanseniase,6,origin_202112,3505708,269,0.0,0.02657175321588548,"nhits,tft,xgboost"
hanseniase,6,origin_202112,3506003,269,0.0,0.13232974680916718,"nhits,tft,xgboost"
hanseniase,6,origin_202112,3509502,269,2.0,2.7281562026279667,"nhits,tft,xgboost"
hanseniase,6,origin_202112,3510609,269,0.0,0.01714745889293848,"nhits,tft,xgboost"
hanseniase,6,origin_202112,3513801,269,0.0,0.020842967273972075,"nhits,tft,xgboost"
hanseniase,6,origin_202112,3518701,269,0.0,0.2602240110209095,"nhits,tft,xgboost"
hanseniase,6,origin_202112,3518800,269,0.0,1.8554490180298064,"nhits,tft,xgboost"
hanseniase,6,origin_202112,3522208,269,0.0,0.008404663454064059,"nhits,tft,xgboost"
hanseniase,6,origin_202112,3525904,269,0.0,0.05785824127572897,"nhits,tft,xgboost"
hanseniase,6,origin_202112,3529401,269,0.0,0.015144327037150405,"nhits,tft,xgboost"
hanseniase,6,origin_202112,3534401,269,0.0,0.03648099973565284,"nhits,tft,xgboost"
hanseniase,6,origin_202112,3536505,269,0.0,0.004819383848025943,"nhits,tft,xgboost"
hanseniase,6,origin_202112,3541000,269,0.0,0.014105811982307863,"nhits,tft,xgboost"
hanseniase,6,origin_202112,3543402,269,0.0,2.286989152431488,"nhits,tft,xgboost"
hanseniase,6,origin_202112,3547809,269,0.0,0.025269715814884908,"nhits,tft,xgboost"
hanseniase,6,origin_202112,3548500,269,0.0,0.015985449285226452,"nhits,tft,xgboost"
hanseniase,6,origin_202112,3548708,269,0.0,0.034767124388354415,"nhits,tft,xgboost"
hanseniase,6,origin_202112,3549805,269,0.0,0.16974742710590363,"nhits,tft,xgboost"
hanseniase,6,origin_202112,3549904,269,0.0,0.024697025772487963,"nhits,tft,xgboost"
hanseniase,6,origin_202112,3550308,269,20.0,4.383191704750061,"nhits,tft,xgboost"
hanseniase,6,origin_202112,3551009,269,0.0,0.03702296468800622,"nhits,tft,xgboost"
hanseniase,6,origin_202112,3552205,269,0.0,0.032118081051994075,"nhits,tft,xgboost"
hanseniase,6,origin_202112,3554102,269,0.0,0.0393801505851637,"nhits,tft,xgboost"
hanseniase,6,origin_202212,3505708,281,0.0,0.035298754772088124,"nhits,tft,xgboost"
hanseniase,6,origin_202212,3506003,281,1.0,0.307497868547216,"nhits,tft,xgboost"
hanseniase,6,origin_202212,3509502,281,2.0,1.0944998047004144,"nhits,tft,xgboost"
hanseniase,6,origin_202212,3510609,281,0.0,0.03947795348081925,"nhits,tft,xgboost"
hanseniase,6,origin_202212,3513801,281,1.0,0.057099789402373834,"nhits,tft,xgboost"
hanseniase,6,origin_202212,3518701,281,0.0,0.06444495240302452,"nhits,tft,xgboost"
hanseniase,6,origin_202212,3518800,281,0.0,0.28248037192194414,"nhits,tft,xgboost"
hanseniase,6,origin_202212,3522208,281,0.0,0.009049146746595713,"nhits,tft,xgboost"
hanseniase,6,origin_202212,3525904,281,0.0,0.058218699569162397,"nhits,tft,xgboost"
hanseniase,6,origin_202212,3529401,281,0.0,0.022269681099038985,"nhits,tft,xgboost"
hanseniase,6,origin_202212,3534401,281,0.0,0.02688610095079527,"nhits,tft,xgboost"
hanseniase,6,origin_202212,3536505,281,0.0,0.00624053428570429,"nhits,tft,xgboost"
hanseniase,6,origin_202212,3541000,281,0.0,0.017965909093618396,"nhits,tft,xgboost"
hanseniase,6,origin_202212,3543402,281,0.0,0.1607151379187902,"nhits,tft,xgboost"
hanseniase,6,origin_202212,3547809,281,0.0,0.03807613750380839,"nhits,tft,xgboost"
hanseniase,6,origin_202212,3548500,281,0.0,0.026728306023873282,"nhits,tft,xgboost"
hanseniase,6,origin_202212,3548708,281,0.0,0.05066800614246347,"nhits,tft,xgboost"
hanseniase,6,origin_202212,3549805,281,0.0,0.02870571116606416,"nhits,tft,xgboost"
hanseniase,6,origin_202212,3549904,281,2.0,0.03841378788153332,"nhits,tft,xgboost"
hanseniase,6,origin_202212,3550308,281,2.0,3.637533446153005,"nhits,tft,xgboost"
hanseniase,6,origin_202212,3551009,281,0.0,0.07907462561682144,"nhits,tft,xgboost"
hanseniase,6,origin_202212,3552205,281,0.0,0.04116164147853851,"nhits,tft,xgboost"
hanseniase,6,origin_202212,3554102,281,1.0,0.04161307832327802,"nhits,tft,xgboost"
hanseniase,12,origin_202112,3505708,275,0.0,0.0571462903085674,"lgbm,xgboost,gru"
hanseniase,12,origin_202112,3506003,275,1.0,0.35025343580959656,"lgbm,xgboost,gru"
hanseniase,12,origin_202112,3509502,275,1.0,1.5232557768680755,"lgbm,xgboost,gru"
hanseniase,12,origin_202112,3510609,275,0.0,0.054307844134018075,"lgbm,xgboost,gru"
hanseniase,12,origin_202112,3513801,275,0.0,0.06468651644064465,"lgbm,xgboost,gru"
hanseniase,12,origin_202112,3518701,275,0.0,0.19342503375381645,"lgbm,xgboost,gru"
hanseniase,12,origin_202112,3518800,275,1.0,0.2689906919928709,"lgbm,xgboost,gru"
hanseniase,12,origin_202112,3522208,275,0.0,0.028266851524528593,"lgbm,xgboost,gru"
hanseniase,12,origin_202112,3525904,275,1.0,0.08778886332995817,"lgbm,xgboost,gru"
hanseniase,12,origin_202112,3529401,275,0.0,0.028179670871824408,"lgbm,xgboost,gru"
hanseniase,12,origin_202112,3534401,275,0.0,0.04854791122556861,"lgbm,xgboost,gru"
hanseniase,12,origin_202112,3536505,275,0.0,0.015263353262761075,"lgbm,xgboost,gru"
hanseniase,12,origin_202112,3541000,275,0.0,0.05879773618971087,"lgbm,xgboost,gru"
hanseniase,12,origin_202112,3543402,275,0.0,0.5040112531054508,"lgbm,xgboost,gru"
hanseniase,12,origin_202112,3547809,275,0.0,0.08400109305211062,"lgbm,xgboost,gru"
hanseniase,12,origin_202112,3548500,275,1.0,0.058680238720576476,"lgbm,xgboost,gru"
hanseniase,12,origin_202112,3548708,275,0.0,0.055218209770668214,"lgbm,xgboost,gru"
hanseniase,12,origin_202112,3549805,275,0.0,0.08644598193926438,"lgbm,xgboost,gru"
hanseniase,12,origin_202112,3549904,275,0.0,0.059790644014098455,"lgbm,xgboost,gru"
hanseniase,12,origin_202112,3550308,275,1.0,2.7489421526198794,"lgbm,xgboost,gru"
hanseniase,12,origin_202112,3551009,275,1.0,0.16158674576572518,"lgbm,xgboost,gru"
hanseniase,12,origin_202112,3552205,275,0.0,0.03512035372171799,"lgbm,xgboost,gru"
hanseniase,12,origin_202112,3554102,275,1.0,0.08839528255189318,"lgbm,xgboost,gru"
hanseniase,12,origin_202212,3505708,287,0.0,0.10055123898688366,"lgbm,xgboost,gru"
hanseniase,12,origin_202212,3506003,287,0.0,0.37022952610081233,"lgbm,xgboost,gru"
hanseniase,12,origin_202212,3509502,287,0.0,0.842354461355702,"lgbm,xgboost,gru"
hanseniase,12,origin_202212,3510609,287,0.0,0.10163895895872477,"lgbm,xgboost,gru"
hanseniase,12,origin_202212,3513801,287,0.0,0.14342582121948685,"lgbm,xgboost,gru"
hanseniase,12,origin_202212,3518701,287,0.0,0.18429507196726727,"lgbm,xgboost,gru"
hanseniase,12,origin_202212,3518800,287,1.0,0.5807345830063501,"lgbm,xgboost,gru"
hanseniase,12,origin_202212,3522208,287,0.0,0.027178346658881535,"lgbm,xgboost,gru"
hanseniase,12,origin_202212,3525904,287,0.0,0.14639313476832638,"lgbm,xgboost,gru"
hanseniase,12,origin_202212,3529401,287,0.0,0.04056436814972417,"lgbm,xgboost,gru"
hanseniase,12,origin_202212,3534401,287,0.0,0.05914729491297705,"lgbm,xgboost,gru"
hanseniase,12,origin_202212,3536505,287,0.0,0.01789168993552932,"lgbm,xgboost,gru"
hanseniase,12,origin_202212,3541000,287,0.0,0.07418753369445666,"lgbm,xgboost,gru"
hanseniase,12,origin_202212,3543402,287,2.0,0.24114533808635288,"lgbm,xgboost,gru"
hanseniase,12,origin_202212,3547809,287,0.0,0.13098440958887006,"lgbm,xgboost,gru"
hanseniase,12,origin_202212,3548500,287,0.0,0.09721713969562816,"lgbm,xgboost,gru"
hanseniase,12,origin_202212,3548708,287,0.0,0.0894275811441041,"lgbm,xgboost,gru"
hanseniase,12,origin_202212,3549805,287,0.0,0.08456997731087929,"lgbm,xgboost,gru"
hanseniase,12,origin_202212,3549904,287,0.0,0.06167146144014349,"lgbm,xgboost,gru"
hanseniase,12,origin_202212,3550308,287,1.0,2.393887786025403,"lgbm,xgboost,gru"
hanseniase,12,origin_202212,3551009,287,0.0,0.26532566710612027,"lgbm,xgboost,gru"
hanseniase,12,origin_202212,3552205,287,1.0,0.05414572590316374,"lgbm,xgboost,gru"
hanseniase,12,origin_202212,3554102,287,0.0,0.09929322195428177,"lgbm,xgboost,gru"
hepatite,1,origin_202112,3505708,264,0.0,1.375132645385908e-06,"nhits,prophet,lstm"
hepatite,1,origin_202112,3506003,264,0.0,0.06653686994564274,"nhits,prophet,lstm"
hepatite,1,origin_202112,3509502,264,1.0,0.9039929302016909,"nhits,prophet,lstm"
hepatite,1,origin_202112,3510609,264,1.0,1.5911534622623448e-05,"nhits,prophet,lstm"
hepatite,1,origin_202112,3513801,264,0.0,3.07851243705124e-12,"nhits,prophet,lstm"
hepatite,1,origin_202112,3518701,264,0.0,2.8568310671798478e-11,"nhits,prophet,lstm"
hepatite,1,origin_202112,3518800,264,0.0,1.432003268527036e-09,"nhits,prophet,lstm"
hepatite,1,origin_202112,3522208,264,0.0,6.445217115775996e-11,"nhits,prophet,lstm"
hepatite,1,origin_202112,3525904,264,0.0,1.1701740435488403e-10,"nhits,prophet,lstm"
hepatite,1,origin_202112,3529401,264,0.0,1.0729175298013497e-11,"nhits,prophet,lstm"
hepatite,1,origin_202112,3534401,264,0.0,0.013806088898359735,"nhits,prophet,lstm"
hepatite,1,origin_202112,3536505,264,0.0,6.022729734005503e-15,"nhits,prophet,lstm"
hepatite,1,origin_202112,3541000,264,0.0,1.45662678868778e-11,"nhits,prophet,lstm"
hepatite,1,origin_202112,3543402,264,0.0,1.8879634346378875e-09,"nhits,prophet,lstm"
hepatite,1,origin_202112,3547809,264,0.0,3.6048431617133533e-10,"nhits,prophet,lstm"
hepatite,1,origin_202112,3548500,264,1.0,0.0006677426863461672,"nhits,prophet,lstm"
hepatite,1,origin_202112,3548708,264,0.0,1.7750950670862542e-06,"nhits,prophet,lstm"
hepatite,1,origin_202112,3549805,264,0.0,1.9468604283734323e-10,"nhits,prophet,lstm"
hepatite,1,origin_202112,3549904,264,0.0,1.6443571136344091e-09,"nhits,prophet,lstm"
hepatite,1,origin_202112,3550308,264,0.0,9.555196328471414e-12,"nhits,prophet,lstm"
hepatite,1,origin_202112,3551009,264,0.0,3.603866863576412e-10,"nhits,prophet,lstm"
hepatite,1,origin_202112,3552205,264,0.0,2.729991782386715e-07,"nhits,prophet,lstm"
hepatite,1,origin_202112,3554102,264,0.0,6.461724959188007e-12,"nhits,prophet,lstm"
hepatite,1,origin_202212,3505708,276,1.0,6.369628439033399e-05,"nhits,prophet,lstm"
hepatite,1,origin_202212,3506003,276,0.0,0.044964792031431444,"nhits,prophet,lstm"
hepatite,1,origin_202212,3509502,276,2.0,2.7631344097859625,"nhits,prophet,lstm"
hepatite,1,origin_202212,3510609,276,0.0,0.0001038410603844671,"nhits,prophet,lstm"
hepatite,1,origin_202212,3513801,276,0.0,7.391591269388557e-11,"nhits,prophet,lstm"
hepatite,1,origin_202212,3518701,276,0.0,2.8773898871112788e-09,"nhits,prophet,lstm"
hepatite,1,origin_202212,3518800,276,0.0,5.6268791119631245e-09,"nhits,prophet,lstm"
hepatite,1,origin_202212,3522208,276,0.0,1.804532841001538e-10,"nhits,prophet,lstm"
hepatite,1,origin_202212,3525904,276,0.0,0.04527075909420316,"nhits,prophet,lstm"
hepatite,1,origin_202212,3529401,276,0.0,1.6173652800431975e-11,"nhits,prophet,lstm"
hepatite,1,origin_202212,3534401,276,0.0,4.459007565550054e-05,"nhits,prophet,lstm"
hepatite,1,origin_202212,3536505,276,0.0,0.0013703965043851093,"nhits,prophet,lstm"
hepatite,1,origin_202212,3541000,276,0.0,3.152927404466787e-09,"nhits,prophet,lstm"
hepatite,1,origin_202212,3543402,276,0.0,3.1030037904799028e-09,"nhits,prophet,lstm"
hepatite,1,origin_202212,3547809,276,0.0,4.236840509856919e-09,"nhits,prophet,lstm"
hepatite,1,origin_202212,3548500,276,0.0,0.0035130595788359343,"nhits,prophet,lstm"
hepatite,1,origin_202212,3548708,276,0.0,2.718592744107698e-06,"nhits,prophet,lstm"
hepatite,1,origin_202212,3549805,276,0.0,2.340663960426439e-08,"nhits,prophet,lstm"
hepatite,1,origin_202212,3549904,276,0.0,2.3603477454257517e-07,"nhits,prophet,lstm"
hepatite,1,origin_202212,3550308,276,0.0,4.754058941503207e-13,"nhits,prophet,lstm"
hepatite,1,origin_202212,3551009,276,0.0,1.984240990799395e-07,"nhits,prophet,lstm"
hepatite,1,origin_202212,3552205,276,0.0,1.3656605005963804e-05,"nhits,prophet,lstm"
hepatite,1,origin_202212,3554102,276,0.0,3.788918220645888e-11,"nhits,prophet,lstm"
hepatite,3,origin_202112,3505708,266,0.0,0.050421980527947906,"gru,lstm,prophet"
hepatite,3,origin_202112,3506003,266,0.0,0.19935858132446163,"gru,lstm,prophet"
hepatite,3,origin_202112,3509502,266,8.0,0.8588693591212505,"gru,lstm,prophet"
hepatite,3,origin_202112,3510609,266,0.0,0.00010133153076214074,"gru,lstm,prophet"
hepatite,3,origin_202112,3513801,266,0.0,3.536723380439114e-05,"gru,lstm,prophet"
hepatite,3,origin_202112,3518701,266,0.0,2.4234176997558104e-06,"gru,lstm,prophet"
hepatite,3,origin_202112,3518800,266,0.0,1.1262831272063067e-06,"gru,lstm,prophet"
hepatite,3,origin_202112,3522208,266,0.0,1.6134971877098297e-09,"gru,lstm,prophet"
hepatite,3,origin_202112,3525904,266,0.0,0.00011178908708793522,"gru,lstm,prophet"
hepatite,3,origin_202112,3529401,266,0.0,4.964352690622898e-06,"gru,lstm,prophet"
hepatite,3,origin_202112,3534401,266,0.0,0.04237449205171409,"gru,lstm,prophet"
hepatite,3,origin_202112,3536505,266,0.0,4.269031914358341e-12,"gru,lstm,prophet"
hepatite,3,origin_202112,3541000,266,0.0,1.6809470796778452e-08,"gru,lstm,prophet"
hepatite,3,origin_202112,3543402,266,0.0,3.3989788287650904e-06,"gru,lstm,prophet"
hepatite,3,origin_202112,3547809,266,0.0,1.1567522468780567e-06,"gru,lstm,prophet"
hepatite,3,origin_202112,3548500,266,0.0,0.0039862077295159,"gru,lstm,prophet"
hepatite,3,origin_202112,3548708,266,1.0,0.04471349542032691,"gru,lstm,prophet"
hepatite,3,origin_202112,3549805,266,0.0,6.550426114013216e-05,"gru,lstm,prophet"
hepatite,3,origin_202112,3549904,266,0.0,1.3375352750699676e-05,"gru,lstm,prophet"
hepatite,3,origin_202112,3550308,266,0.0,2.938481724294497e-12,"gru,lstm,prophet"
hepatite,3,origin_202112,3551009,266,0.0,5.223947865099869e-06,"gru,lstm,prophet"
hepatite,3,origin_202112,3552205,266,0.0,4.844152726946049e-06,"gru,lstm,prophet"
hepatite,3,origin_202112,3554102,266,0.0,0.12847552248343,"gru,lstm,prophet"
hepatite,3,origin_202212,3505708,278,0.0,0.022292060744264264,"gru,lstm,prophet"
hepatite,3,origin_202212,3506003,278,0.0,0.053152273946869895,"gru,lstm,prophet"
hepatite,3,origin_202212,3509502,278,0.0,2.2304628554337707,"gru,lstm,prophet"
hepatite,3,origin_202212,3510609,278,1.0,0.0005125248402085188,"gru,lstm,prophet"
hepatite,3,origin_202212,3513801,278,0.0,0.003387506979547777,"gru,lstm,prophet"
hepatite,3,origin_202212,3518701,278,0.0,0.0013147798592640818,"gru,lstm,prophet"
hepatite,3,origin_202212,3518800,278,0.0,5.880390470972493e-05,"gru,lstm,prophet"
hepatite,3,origin_202212,3522208,278,0.0,2.8748973054012108e-08,"gru,lstm,prophet"
hepatite,3,origin_202212,3525904,278,0.0,0.0002595135124465438,"gru,lstm,prophet"
hepatite,3,origin_202212,3529401,278,0.0,0.0005451518447373625,"gru,lstm,prophet"
hepatite,3,origin_202212,3534401,278,0.0,0.08249643960011645,"gru,lstm,prophet"
hepatite,3,origin_202212,3536505,278,0.0,3.3089463894603315e-11,"gru,lstm,prophet"
hepatite,3,origin_202212,3541000,278,0.0,4.0201980766596535e-07,"gru,lstm,prophet"
hepatite,3,origin_202212,3543402,278,0.0,0.0009830258908251998,"gru,lstm,prophet"
hepatite,3,origin_202212,3547809,278,0.0,0.0003207473882913972,"gru,lstm,prophet"
hepatite,3,origin_202212,3548500,278,0.0,0.022088248903552665,"gru,lstm,prophet"
hepatite,3,origin_202212,3548708,278,1.0,0.06303215067858559,"gru,lstm,prophet"
hepatite,3,origin_202212,3549805,278,0.0,0.010732535332995959,"gru,lstm,prophet"
hepatite,3,origin_202212,3549904,278,0.0,0.0010683473860808414,"gru,lstm,prophet"
hepatite,3,origin_202212,3550308,278,0.0,3.131818392269574e-08,"gru,lstm,prophet"
hepatite,3,origin_202212,3551009,278,0.0,0.0005635114087756832,"gru,lstm,prophet"
hepatite,3,origin_202212,3552205,278,0.0,0.0004292564699426,"gru,lstm,prophet"
hepatite,3,origin_202212,3554102,278,0.0,0.18676763784177633,"gru,lstm,prophet"
hepatite,6,origin_202112,3505708,269,0.0,0.008618993063767701,"nhits,tft,lstm"
hepatite,6,origin_202112,3506003,269,0.0,0.5146374541024367,"nhits,tft,lstm"
hepatite,6,origin_202112,3509502,269,1.0,0.9777516722679138,"nhits,tft,lstm"
hepatite,6,origin_202112,3510609,269,0.0,0.03508948767557737,"nhits,tft,lstm"
hepatite,6,origin_202112,3513801,269,0.0,3.034397792003122e-09,"nhits,tft,lstm"
hepatite,6,origin_202112,3518701,269,0.0,6.500241353057673e-09,"nhits,tft,lstm"
hepatite,6,origin_202112,3518800,269,0.0,5.802651988597017e-07,"nhits,tft,lstm"
hepatite,6,origin_202112,3522208,269,0.0,1.5490257474601624e-08,"nhits,tft,lstm"
hepatite,6,origin_202112,3525904,269,0.0,7.186761707635634e-07,"nhits,tft,lstm"
hepatite,6,origin_202112,3529401,269,0.0,4.670016439629854e-10,"nhits,tft,lstm"
hepatite,6,origin_202112,3534401,269,0.0,0.009605865459889134,"nhits,tft,lstm"
hepatite,6,origin_202112,3536505,269,1.0,4.770910838073785e-13,"nhits,tft,lstm"
hepatite,6,origin_202112,3541000,269,0.0,9.56954013819233e-09,"nhits,tft,lstm"
hepatite,6,origin_202112,3543402,269,0.0,5.216508554903655e-06,"nhits,tft,lstm"
hepatite,6,origin_202112,3547809,269,0.0,4.538896547755052e-08,"nhits,tft,lstm"
hepatite,6,origin_202112,3548500,269,2.0,0.09333677589893337,"nhits,tft,lstm"
hepatite,6,origin_202112,3548708,269,0.0,0.0183436219182719,"nhits,tft,lstm"
hepatite,6,origin_202112,3549805,269,0.0,2.7173040280184776e-06,"nhits,tft,lstm"
hepatite,6,origin_202112,3549904,269,0.0,1.762501215800836e-06,"nhits,tft,lstm"
hepatite,6,origin_202112,3550308,269,0.0,3.6447426440079216e-14,"nhits,tft,lstm"
hepatite,6,origin_202112,3551009,269,1.0,2.289900892617609e-07,"nhits,tft,lstm"
hepatite,6,origin_202112,3552205,269,0.0,0.0011883213107163424,"nhits,tft,lstm"
hepatite,6,origin_202112,3554102,269,0.0,5.860946276751965e-10,"nhits,tft,lstm"
hepatite,6,origin_202212,3505708,281,0.0,0.021169397941169604,"nhits,tft,lstm"
hepatite,6,origin_202212,3506003,281,1.0,0.15461663405100504,"nhits,tft,lstm"
hepatite,6,origin_202212,3509502,281,4.0,1.871070106824239,"nhits,tft,lstm"
hepatite,6,origin_202212,3510609,281,1.0,0.017626305421193398,"nhits,tft,lstm"
hepatite,6,origin_202212,3513801,281,0.0,6.819177018428352e-08,"nhits,tft,lstm"
hepatite,6,origin_202212,3518701,281,0.0,1.204160114120236e-06,"nhits,tft,lstm"
hepatite,6,origin_202212,3518800,281,0.0,6.7091134970577024e-06,"nhits,tft,lstm"
hepatite,6,origin_202212,3522208,281,0.0,1.1499482700121183e-08,"nhits,tft,lstm"
hepatite,6,origin_202212,3525904,281,0.0,5.0422317756654235e-06,"nhits,tft,lstm"
hepatite,6,origin_202212,3529401,281,0.0,2.2721247295130962e-09,"nhits,tft,lstm"
hepatite,6,origin_202212,3534401,281,0.0,0.0036282019379238004,"nhits,tft,lstm"
hepatite,6,origin_202212,3536505,281,0.0,1.3737864178477197e-12,"nhits,tft,lstm"
hepatite,6,origin_202212,3541000,281,0.0,2.2320723726068827e-07,"nhits,tft,lstm"
hepatite,6,origin_202212,3543402,281,0.0,4.894361159325727e-06,"nhits,tft,lstm"
hepatite,6,origin_202212,3547809,281,0.0,3.4593655110924165e-07,"nhits,tft,lstm"
hepatite,6,origin_202212,3548500,281,2.0,0.07684360196193056,"nhits,tft,lstm"
hepatite,6,origin_202212,3548708,281,3.0,0.0034458572305690236,"nhits,tft,lstm"
hepatite,6,origin_202212,3549805,281,0.0,1.053359172450703e-05,"nhits,tft,lstm"
hepatite,6,origin_202212,3549904,281,0.0,6.382086151762236e-05,"nhits,tft,lstm"
hepatite,6,origin_202212,3550308,281,0.0,3.0624622681989693e-13,"nhits,tft,lstm"
hepatite,6,origin_202212,3551009,281,0.0,1.5413255771553764e-05,"nhits,tft,lstm"
hepatite,6,origin_202212,3552205,281,0.0,0.0015298818470910003,"nhits,tft,lstm"
hepatite,6,origin_202212,3554102,281,0.0,1.6630440452319592e-09,"nhits,tft,lstm"
hepatite,12,origin_202112,3505708,275,0.0,0.13628840227946218,"lstm,tft,prophet"
hepatite,12,origin_202112,3506003,275,0.0,0.49698823442061735,"lstm,tft,prophet"
hepatite,12,origin_202112,3509502,275,8.0,1.213984763983346,"lstm,tft,prophet"
hepatite,12,origin_202112,3510609,275,0.0,0.1807151099821651,"lstm,tft,prophet"
hepatite,12,origin_202112,3513801,275,0.0,1.8190031801553392e-06,"lstm,tft,prophet"
hepatite,12,origin_202112,3518701,275,0.0,1.2776693371074899e-06,"lstm,tft,prophet"
hepatite,12,origin_202112,3518800,275,0.0,2.475389389170838e-06,"lstm,tft,prophet"
hepatite,12,origin_202112,3522208,275,0.0,1.5998154171784998e-07,"lstm,tft,prophet"
hepatite,12,origin_202112,3525904,275,0.0,0.00013829341354621642,"lstm,tft,prophet"
hepatite,12,origin_202112,3529401,275,0.0,1.2524129326211646e-09,"lstm,tft,prophet"
hepatite,12,origin_202112,3534401,275,0.0,0.05050776033817347,"lstm,tft,prophet"
hepatite,12,origin_202112,3536505,275,0.0,3.4921011578596447e-12,"lstm,tft,prophet"
hepatite,12,origin_202112,3541000,275,0.0,1.3538025452151245e-07,"lstm,tft,prophet"
hepatite,12,origin_202112,3543402,275,0.0,2.58700682328102e-05,"lstm,tft,prophet"
hepatite,12,origin_202112,3547809,275,0.0,3.4181015943583287e-07,"lstm,tft,prophet"
hepatite,12,origin_202112,3548500,275,0.0,0.16054471830526987,"lstm,tft,prophet"
hepatite,12,origin_202112,3548708,275,0.0,0.029286558701035834,"lstm,tft,prophet"
hepatite,12,origin_202112,3549805,275,0.0,9.475986735193731e-05,"lstm,tft,prophet"
hepatite,12,origin_202112,3549904,275,0.0,4.598676048317169e-05,"lstm,tft,prophet"
hepatite,12,origin_202112,3550308,275,0.0,2.954361333936264e-14,"lstm,tft,prophet"
hepatite,12,origin_202112,3551009,275,0.0,1.0259628012931898e-05,"lstm,tft,prophet"
hepatite,12,origin_202112,3552205,275,0.0,0.0028911982662975337,"lstm,tft,prophet"
hepatite,12,origin_202112,3554102,275,0.0,9.50517382400039e-09,"lstm,tft,prophet"
hepatite,12,origin_202212,3505708,287,0.0,0.2640688369671504,"lstm,tft,prophet"
hepatite,12,origin_202212,3506003,287,0.0,0.21927892168362936,"lstm,tft,prophet"
hepatite,12,origin_202212,3509502,287,5.0,1.4777594316688745,"lstm,tft,prophet"
hepatite,12,origin_202212,3510609,287,1.0,0.3022589247822042,"lstm,tft,prophet"
hepatite,12,origin_202212,3513801,287,0.0,3.351058752663516e-05,"lstm,tft,prophet"
hepatite,12,origin_202212,3518701,287,0.0,0.0002932645678363853,"lstm,tft,prophet"
hepatite,12,origin_202212,3518800,287,0.0,9.184184402026101e-06,"lstm,tft,prophet"
hepatite,12,origin_202212,3522208,287,0.0,5.537499732829095e-08,"lstm,tft,prophet"
hepatite,12,origin_202212,3525904,287,0.0,0.0002789871482165559,"lstm,tft,prophet"
hepatite,12,origin_202212,3529401,287,0.0,4.472195428798879e-09,"lstm,tft,prophet"
hepatite,12,origin_202212,3534401,287,0.0,0.006502884595344434,"lstm,tft,prophet"
hepatite,12,origin_202212,3536505,287,0.0,5.072048128396568e-12,"lstm,tft,prophet"
hepatite,12,origin_202212,3541000,287,0.0,1.2271170307760957e-06,"lstm,tft,prophet"
hepatite,12,origin_202212,3543402,287,0.0,7.23366444314403e-06,"lstm,tft,prophet"
hepatite,12,origin_202212,3547809,287,0.0,7.925012065849538e-07,"lstm,tft,prophet"
hepatite,12,origin_202212,3548500,287,1.0,0.12654810895522434,"lstm,tft,prophet"
hepatite,12,origin_202212,3548708,287,0.0,0.004243171266959201,"lstm,tft,prophet"
hepatite,12,origin_202212,3549805,287,0.0,0.0015709906965071096,"lstm,tft,prophet"
hepatite,12,origin_202212,3549904,287,0.0,0.00251146268093783,"lstm,tft,prophet"
hepatite,12,origin_202212,3550308,287,0.0,7.918014159984912e-13,"lstm,tft,prophet"
hepatite,12,origin_202212,3551009,287,0.0,0.0009262594546868222,"lstm,tft,prophet"
hepatite,12,origin_202212,3552205,287,0.0,0.04817228923274513,"lstm,tft,prophet"
hepatite,12,origin_202212,3554102,287,0.0,2.3651416623749098e-08,"lstm,tft,prophet"
hiv_aids,1,origin_202112,3505708,264,0.0,0.9093981087207794,"sarima,xgboost,deepar"
hiv_aids,1,origin_202112,3506003,264,3.0,3.191629966100057,"sarima,xgboost,deepar"
hiv_aids,1,origin_202112,3509502,264,5.0,8.650500456492106,"sarima,xgboost,deepar"
hiv_aids,1,origin_202112,3510609,264,6.0,2.4483433167139688,"sarima,xgboost,deepar"
hiv_aids,1,origin_202112,3513801,264,2.0,2.2428108056386313,"sarima,xgboost,deepar"
hiv_aids,1,origin_202112,3518701,264,2.0,0.44898269573847455,"sarima,xgboost,deepar"
hiv_aids,1,origin_202112,3518800,264,8.0,6.184700965881348,"sarima,xgboost,deepar"
hiv_aids,1,origin_202112,3522208,264,0.0,0.5749181310335795,"sarima,xgboost,deepar"
hiv_aids,1,origin_202112,3525904,264,3.0,4.6726014614105225,"sarima,xgboost,deepar"
hiv_aids,1,origin_202112,3529401,264,4.0,1.5264595746994019,"sarima,xgboost,deepar"
hiv_aids,1,origin_202112,3534401,264,6.0,3.7896571159362793,"sarima,xgboost,deepar"
hiv_aids,1,origin_202112,3536505,264,0.0,0.2885482986457646,"sarima,xgboost,deepar"
hiv_aids,1,origin_202112,3541000,264,1.0,0.4283635417620341,"sarima,xgboost,deepar"
hiv_aids,1,origin_202112,3543402,264,11.0,11.20742162068685,"sarima,xgboost,deepar"
hiv_aids,1,origin_202112,3547809,264,4.0,1.7506662805875142,"sarima,xgboost,deepar"
hiv_aids,1,origin_202112,3548500,264,2.0,1.0432298183441162,"sarima,xgboost,deepar"
hiv_aids,1,origin_202112,3548708,264,1.0,1.3716058731079102,"sarima,xgboost,deepar"
hiv_aids,1,origin_202112,3549805,264,10.0,9.006683826446533,"sarima,xgboost,deepar"
hiv_aids,1,origin_202112,3549904,264,10.0,9.576953570048014,"sarima,xgboost,deepar"
hiv_aids,1,origin_202112,3550308,264,136.0,102.64923858642578,"sarima,xgboost,deepar"
hiv_aids,1,origin_202112,3551009,264,0.0,1.27755602200826,"sarima,xgboost,deepar"
hiv_aids,1,origin_202112,3552205,264,0.0,0.5821243027846018,"sarima,xgboost,deepar"
hiv_aids,1,origin_202112,3554102,264,0.0,0.6431151007612547,"sarima,xgboost,deepar"
hiv_aids,1,origin_202212,3505708,276,3.0,1.3213327725728352,"sarima,xgboost,deepar"
hiv_aids,1,origin_202212,3506003,276,3.0,2.3703152338663735,"sarima,xgboost,deepar"
hiv_aids,1,origin_202212,3509502,276,7.0,5.8938414255778,"sarima,xgboost,deepar"
hiv_aids,1,origin_202212,3510609,276,4.0,2.7418805758158364,"sarima,xgboost,deepar"
hiv_aids,1,origin_202212,3513801,276,3.0,1.9402215878168743,"sarima,xgboost,deepar"
hiv_aids,1,origin_202212,3518701,276,4.0,0.7538673182328542,"sarima,xgboost,deepar"
hiv_aids,1,origin_202212,3518800,276,9.0,5.436965624491374,"sarima,xgboost,deepar"
hiv_aids,1,origin_202212,3522208,276,1.0,0.6233851114908854,"sarima,xgboost,deepar"
hiv_aids,1,origin_202212,3525904,276,2.0,2.1705179611841836,"sarima,xgboost,deepar"
hiv_aids,1,origin_202212,3529401,276,0.0,1.4661483764648438,"sarima,xgboost,deepar"
hiv_aids,1,origin_202212,3534401,276,4.0,5.609005292256673,"sarima,xgboost,deepar"
hiv_aids,1,origin_202212,3536505,276,0.0,0.395492821931839,"sarima,xgboost,deepar"
hiv_aids,1,origin_202212,3541000,276,1.0,0.6354972620805105,"sarima,xgboost,deepar"
hiv_aids,1,origin_202212,3543402,276,7.0,10.255125204722086,"sarima,xgboost,deepar"
hiv_aids,1,origin_202212,3547809,276,1.0,1.849361499150594,"sarima,xgboost,deepar"
hiv_aids,1,origin_202212,3548500,276,1.0,0.6629402339458466,"sarima,xgboost,deepar"
hiv_aids,1,origin_202212,3548708,276,3.0,1.5521289706230164,"sarima,xgboost,deepar"
hiv_aids,1,origin_202212,3549805,276,18.0,10.132530530293783,"sarima,xgboost,deepar"
hiv_aids,1,origin_202212,3549904,276,16.0,7.797961393992106,"sarima,xgboost,deepar"
hiv_aids,1,origin_202212,3550308,276,131.0,109.52994537353516,"sarima,xgboost,deepar"
hiv_aids,1,origin_202212,3551009,276,0.0,1.0345165928204854,"sarima,xgboost,deepar"
hiv_aids,1,origin_202212,3552205,276,0.0,-0.001776903867721567,"sarima,xgboost,deepar"
hiv_aids,1,origin_202212,3554102,276,1.0,0.8210646112759908,"sarima,xgboost,deepar"
hiv_aids,3,origin_202112,3505708,266,2.0,0.6850673091594564,"sarima,prophet,deepar"
hiv_aids,3,origin_202112,3506003,266,2.0,3.236370171806609,"sarima,prophet,deepar"
hiv_aids,3,origin_202112,3509502,266,6.0,5.007266362508138,"sarima,prophet,deepar"
hiv_aids,3,origin_202112,3510609,266,10.0,2.690974385566394,"sarima,prophet,deepar"
hiv_aids,3,origin_202112,3513801,266,5.0,2.6789251329824455,"sarima,prophet,deepar"
hiv_aids,3,origin_202112,3518701,266,2.0,0.1488148594895999,"sarima,prophet,deepar"
hiv_aids,3,origin_202112,3518800,266,6.0,5.630686229500099,"sarima,prophet,deepar"
hiv_aids,3,origin_202112,3522208,266,0.0,0.7472436465772635,"sarima,prophet,deepar"
hiv_aids,3,origin_202112,3525904,266,7.0,6.039942335196559,"sarima,prophet,deepar"
hiv_aids,3,origin_202112,3529401,266,3.0,1.1269038909335372,"sarima,prophet,deepar"
hiv_aids,3,origin_202112,3534401,266,5.0,4.568124961134578,"sarima,prophet,deepar"
hiv_aids,3,origin_202112,3536505,266,0.0,0.3032786790717367,"sarima,prophet,deepar"
hiv_aids,3,origin_202112,3541000,266,0.0,0.22651607125614107,"sarima,prophet,deepar"
hiv_aids,3,origin_202112,3543402,266,5.0,10.526138577477482,"sarima,prophet,deepar"
hiv_aids,3,origin_202112,3547809,266,3.0,1.799428769067122,"sarima,prophet,deepar"
hiv_aids,3,origin_202112,3548500,266,0.0,0.4451304177443187,"sarima,prophet,deepar"
hiv_aids,3,origin_202112,3548708,266,1.0,1.7490724304407284,"sarima,prophet,deepar"
hiv_aids,3,origin_202112,3549805,266,5.0,11.682390195421492,"sarima,prophet,deepar"
hiv_aids,3,origin_202112,3549904,266,11.0,9.890747730789547,"sarima,prophet,deepar"
hiv_aids,3,origin_202112,3550308,266,107.0,106.53959607967873,"sarima,prophet,deepar"
hiv_aids,3,origin_202112,3551009,266,1.0,1.3331547659976486,"sarima,prophet,deepar"
hiv_aids,3,origin_202112,3552205,266,0.0,0.22266310453414917,"sarima,prophet,deepar"
hiv_aids,3,origin_202112,3554102,266,1.0,0.20075674851735434,"sarima,prophet,deepar"
hiv_aids,3,origin_202212,3505708,278,2.0,1.0044064250927751,"sarima,prophet,deepar"
hiv_aids,3,origin_202212,3506003,278,6.0,2.095686741980128,"sarima,prophet,deepar"
hiv_aids,3,origin_202212,3509502,278,5.0,3.884136517842611,"sarima,prophet,deepar"
hiv_aids,3,origin_202212,3510609,278,2.0,3.676030607017722,"sarima,prophet,deepar"
hiv_aids,3,origin_202212,3513801,278,3.0,2.286667301570818,"sarima,prophet,deepar"
hiv_aids,3,origin_202212,3518701,278,1.0,0.33164505288004875,"sarima,prophet,deepar"
hiv_aids,3,origin_202212,3518800,278,8.0,4.800500330573022,"sarima,prophet,deepar"
hiv_aids,3,origin_202212,3522208,278,1.0,0.8212561385509901,"sarima,prophet,deepar"
hiv_aids,3,origin_202212,3525904,278,1.0,3.9093454117373425,"sarima,prophet,deepar"
hiv_aids,3,origin_202212,3529401,278,1.0,1.153388419422328,"sarima,prophet,deepar"
hiv_aids,3,origin_202212,3534401,278,8.0,4.3503501781355425,"sarima,prophet,deepar"
hiv_aids,3,origin_202212,3536505,278,0.0,0.3446139226517288,"sarima,prophet,deepar"
hiv_aids,3,origin_202212,3541000,278,0.0,0.28120611085378927,"sarima,prophet,deepar"
hiv_aids,3,origin_202212,3543402,278,3.0,8.500808809229865,"sarima,prophet,deepar"
hiv_aids,3,origin_202212,3547809,278,7.0,1.596000640058698,"sarima,prophet,deepar"
hiv_aids,3,origin_202212,3548500,278,0.0,0.11658255259195964,"sarima,prophet,deepar"
hiv_aids,3,origin_202212,3548708,278,2.0,1.5636441182239587,"sarima,prophet,deepar"
hiv_aids,3,origin_202212,3549805,278,9.0,11.891869596276862,"sarima,prophet,deepar"
hiv_aids,3,origin_202212,3549904,278,13.0,6.456860279934549,"sarima,prophet,deepar"
hiv_aids,3,origin_202212,3550308,278,128.0,99.38062273596256,"sarima,prophet,deepar"
hiv_aids,3,origin_202212,3551009,278,0.0,0.5629629757540049,"sarima,prophet,deepar"
hiv_aids,3,origin_202212,3552205,278,0.0,-0.19714035590489706,"sarima,prophet,deepar"
hiv_aids,3,origin_202212,3554102,278,0.0,0.20109500487645468,"sarima,prophet,deepar"
hiv_aids,6,origin_202112,3505708,269,2.0,1.0002713879317449,"catboost,xgboost,lgbm"
hiv_aids,6,origin_202112,3506003,269,2.0,2.520786140294889,"catboost,xgboost,lgbm"
hiv_aids,6,origin_202112,3509502,269,6.0,7.612665019473646,"catboost,xgboost,lgbm"
hiv_aids,6,origin_202112,3510609,269,5.0,3.683835904350117,"catboost,xgboost,lgbm"
hiv_aids,6,origin_202112,3513801,269,3.0,2.5114090320157914,"catboost,xgboost,lgbm"
hiv_aids,6,origin_202112,3518701,269,0.0,1.2206964575507706,"catboost,xgboost,lgbm"
hiv_aids,6,origin_202112,3518800,269,6.0,5.639516864153532,"catboost,xgboost,lgbm"
hiv_aids,6,origin_202112,3522208,269,0.0,1.02594592269963,"catboost,xgboost,lgbm"
hiv_aids,6,origin_202112,3525904,269,0.0,3.7940107030776495,"catboost,xgboost,lgbm"
hiv_aids,6,origin_202112,3529401,269,2.0,2.279005856924066,"catboost,xgboost,lgbm"
hiv_aids,6,origin_202112,3534401,269,9.0,2.4052848488355956,"catboost,xgboost,lgbm"
hiv_aids,6,origin_202112,3536505,269,1.0,0.5317580854709864,"catboost,xgboost,lgbm"
hiv_aids,6,origin_202112,3541000,269,1.0,0.8968630102813394,"catboost,xgboost,lgbm"
hiv_aids,6,origin_202112,3543402,269,10.0,7.765994001266338,"catboost,xgboost,lgbm"
hiv_aids,6,origin_202112,3547809,269,4.0,1.4718575070118074,"catboost,xgboost,lgbm"
hiv_aids,6,origin_202112,3548500,269,1.0,1.494750909491849,"catboost,xgboost,lgbm"
hiv_aids,6,origin_202112,3548708,269,1.0,1.4315909139224237,"catboost,xgboost,lgbm"
hiv_aids,6,origin_202112,3549805,269,11.0,6.087092219060453,"catboost,xgboost,lgbm"
hiv_aids,6,origin_202112,3549904,269,12.0,10.256673982948021,"catboost,xgboost,lgbm"
hiv_aids,6,origin_202112,3550308,269,95.0,91.13499051537887,"catboost,xgboost,lgbm"
hiv_aids,6,origin_202112,3551009,269,0.0,0.9976153400122394,"catboost,xgboost,lgbm"
hiv_aids,6,origin_202112,3552205,269,1.0,0.6944822938224836,"catboost,xgboost,lgbm"
hiv_aids,6,origin_202112,3554102,269,2.0,1.1019042883433283,"catboost,xgboost,lgbm"
hiv_aids,6,origin_202212,3505708,281,0.0,1.525930709240825,"catboost,xgboost,lgbm"
hiv_aids,6,origin_202212,3506003,281,4.0,2.6927905959904574,"catboost,xgboost,lgbm"
hiv_aids,6,origin_202212,3509502,281,5.0,5.39302235889257,"catboost,xgboost,lgbm"
hiv_aids,6,origin_202212,3510609,281,4.0,3.5658777330792546,"catboost,xgboost,lgbm"
hiv_aids,6,origin_202212,3513801,281,3.0,2.437867411647099,"catboost,xgboost,lgbm"
hiv_aids,6,origin_202212,3518701,281,3.0,1.2424362461712604,"catboost,xgboost,lgbm"
hiv_aids,6,origin_202212,3518800,281,5.0,4.911603090339872,"catboost,xgboost,lgbm"
hiv_aids,6,origin_202212,3522208,281,0.0,0.9205395088233842,"catboost,xgboost,lgbm"
hiv_aids,6,origin_202212,3525904,281,0.0,2.4809975687896477,"catboost,xgboost,lgbm"
hiv_aids,6,origin_202212,3529401,281,3.0,1.945295960015848,"catboost,xgboost,lgbm"
hiv_aids,6,origin_202212,3534401,281,6.0,6.748122549028849,"catboost,xgboost,lgbm"
hiv_aids,6,origin_202212,3536505,281,0.0,0.4466209058158254,"catboost,xgboost,lgbm"
hiv_aids,6,origin_202212,3541000,281,1.0,0.8997417904798178,"catboost,xgboost,lgbm"
hiv_aids,6,origin_202212,3543402,281,5.0,9.57297233823676,"catboost,xgboost,lgbm"
hiv_aids,6,origin_202212,3547809,281,3.0,2.0294173641224864,"catboost,xgboost,lgbm"
hiv_aids,6,origin_202212,3548500,281,1.0,1.214391833077218,"catboost,xgboost,lgbm"
hiv_aids,6,origin_202212,3548708,281,1.0,1.893710551984027,"catboost,xgboost,lgbm"
hiv_aids,6,origin_202212,3549805,281,7.0,9.001407942405864,"catboost,xgboost,lgbm"
hiv_aids,6,origin_202212,3549904,281,17.0,8.0050248536237,"catboost,xgboost,lgbm"
hiv_aids,6,origin_202212,3550308,281,101.0,116.16970459499309,"catboost,xgboost,lgbm"
hiv_aids,6,origin_202212,3551009,281,1.0,1.140108119613928,"catboost,xgboost,lgbm"
hiv_aids,6,origin_202212,3552205,281,0.0,0.7146319853003013,"catboost,xgboost,lgbm"
hiv_aids,6,origin_202212,3554102,281,0.0,0.9793685674224325,"catboost,xgboost,lgbm"
hiv_aids,12,origin_202112,3505708,275,4.0,0.6810458426601037,"deepar,catboost,prophet"
hiv_aids,12,origin_202112,3506003,275,1.0,3.2435593559294826,"deepar,catboost,prophet"
hiv_aids,12,origin_202112,3509502,275,4.0,4.43497765793617,"deepar,catboost,prophet"
hiv_aids,12,origin_202112,3510609,275,2.0,3.056295850456508,"deepar,catboost,prophet"
hiv_aids,12,origin_202112,3513801,275,2.0,2.285913387978234,"deepar,catboost,prophet"
hiv_aids,12,origin_202112,3518701,275,1.0,0.6475721760905597,"deepar,catboost,prophet"
hiv_aids,12,origin_202112,3518800,275,7.0,5.901006188501147,"deepar,catboost,prophet"
hiv_aids,12,origin_202112,3522208,275,1.0,0.8468560929044541,"deepar,catboost,prophet"
hiv_aids,12,origin_202112,3525904,275,0.0,4.591473118042422,"deepar,catboost,prophet"
hiv_aids,12,origin_202112,3529401,275,3.0,1.3438936505123669,"deepar,catboost,prophet"
hiv_aids,12,origin_202112,3534401,275,2.0,3.6823239057181296,"deepar,catboost,prophet"
hiv_aids,12,origin_202112,3536505,275,1.0,0.48379264445431724,"deepar,catboost,prophet"
hiv_aids,12,origin_202112,3541000,275,2.0,0.3909042093419957,"deepar,catboost,prophet"
hiv_aids,12,origin_202112,3543402,275,8.0,10.685874518877421,"deepar,catboost,prophet"
hiv_aids,12,origin_202112,3547809,275,1.0,1.0381353035277137,"deepar,catboost,prophet"
hiv_aids,12,origin_202112,3548500,275,0.0,0.8910504833762367,"deepar,catboost,prophet"
hiv_aids,12,origin_202112,3548708,275,3.0,1.590016633271653,"deepar,catboost,prophet"
hiv_aids,12,origin_202112,3549805,275,13.0,11.139339154502915,"deepar,catboost,prophet"
hiv_aids,12,origin_202112,3549904,275,7.0,9.381876892184271,"deepar,catboost,prophet"
hiv_aids,12,origin_202112,3550308,275,116.0,95.17297845937482,"deepar,catboost,prophet"
hiv_aids,12,origin_202112,3551009,275,3.0,2.400065179816171,"deepar,catboost,prophet"
hiv_aids,12,origin_202112,3552205,275,0.0,0.5824298057512929,"deepar,catboost,prophet"
hiv_aids,12,origin_202112,3554102,275,0.0,0.6221898406080185,"deepar,catboost,prophet"
hiv_aids,12,origin_202212,3505708,287,0.0,1.146411183170296,"deepar,catboost,prophet"
hiv_aids,12,origin_202212,3506003,287,4.0,3.3357439184815174,"deepar,catboost,prophet"
hiv_aids,12,origin_202212,3509502,287,8.0,4.655633552718596,"deepar,catboost,prophet"
hiv_aids,12,origin_202212,3510609,287,7.0,3.4804040075850193,"deepar,catboost,prophet"
hiv_aids,12,origin_202212,3513801,287,1.0,1.9933110891624721,"deepar,catboost,prophet"
hiv_aids,12,origin_202212,3518701,287,4.0,0.806901462261805,"deepar,catboost,prophet"
hiv_aids,12,origin_202212,3518800,287,8.0,4.1792782735055045,"deepar,catboost,prophet"
hiv_aids,12,origin_202212,3522208,287,2.0,0.8845689631822443,"deepar,catboost,prophet"
hiv_aids,12,origin_202212,3525904,287,5.0,3.5417233763909937,"deepar,catboost,prophet"
hiv_aids,12,origin_202212,3529401,287,2.0,1.1906015594673887,"deepar,catboost,prophet"
hiv_aids,12,origin_202212,3534401,287,3.0,4.927638379500154,"deepar,catboost,prophet"
hiv_aids,12,origin_202212,3536505,287,0.0,0.4793357708816885,"deepar,catboost,prophet"
hiv_aids,12,origin_202212,3541000,287,1.0,0.440280787206287,"deepar,catboost,prophet"
hiv_aids,12,origin_202212,3543402,287,16.0,8.31433422857541,"deepar,catboost,prophet"
hiv_aids,12,origin_202212,3547809,287,1.0,1.2249657838561372,"deepar,catboost,prophet"
hiv_aids,12,origin_202212,3548500,287,3.0,0.6423147792989233,"deepar,catboost,prophet"
hiv_aids,12,origin_202212,3548708,287,1.0,1.3275638978467397,"deepar,catboost,prophet"
hiv_aids,12,origin_202212,3549805,287,9.0,8.56951202623618,"deepar,catboost,prophet"
hiv_aids,12,origin_202212,3549904,287,16.0,7.451973085394418,"deepar,catboost,prophet"
hiv_aids,12,origin_202212,3550308,287,104.0,83.5540834884781,"deepar,catboost,prophet"
hiv_aids,12,origin_202212,3551009,287,0.0,0.5194023893103143,"deepar,catboost,prophet"
hiv_aids,12,origin_202212,3552205,287,0.0,0.4128898595645065,"deepar,catboost,prophet"
hiv_aids,12,origin_202212,3554102,287,3.0,0.682877537161978,"deepar,catboost,prophet"
sifilis,1,origin_202112,3505708,264,3.0,2.369913792472645,"xgboost,sarima,catboost"
sifilis,1,origin_202112,3506003,264,1.0,3.2825199707991595,"xgboost,sarima,catboost"
sifilis,1,origin_202112,3509502,264,4.0,2.2273081195331796,"xgboost,sarima,catboost"
sifilis,1,origin_202112,3510609,264,0.0,1.424848893664481,"xgboost,sarima,catboost"
sifilis,1,origin_202112,3513801,264,1.0,5.6702185744105575,"xgboost,sarima,catboost"
sifilis,1,origin_202112,3518701,264,4.0,4.969185359107403,"xgboost,sarima,catboost"
sifilis,1,origin_202112,3518800,264,25.0,11.70682936338727,"xgboost,sarima,catboost"
sifilis,1,origin_202112,3522208,264,0.0,0.5673284392973579,"xgboost,sarima,catboost"
sifilis,1,origin_202112,3525904,264,1.0,2.860624891761077,"xgboost,sarima,catboost"
sifilis,1,origin_202112,3529401,264,0.0,0.37596549482533176,"xgboost,sarima,catboost"
sifilis,1,origin_202112,3534401,264,17.0,10.078179063570358,"xgboost,sarima,catboost"
sifilis,1,origin_202112,3536505,264,0.0,0.11618911077675458,"xgboost,sarima,catboost"
sifilis,1,origin_202112,3541000,264,6.0,10.293545428047375,"xgboost,sarima,catboost"
sifilis,1,origin_202112,3543402,264,5.0,4.458003088911359,"xgboost,sarima,catboost"
sifilis,1,origin_202112,3547809,264,2.0,6.0070972046541575,"xgboost,sarima,catboost"
sifilis,1,origin_202112,3548500,264,4.0,4.152121372122806,"xgboost,sarima,catboost"
sifilis,1,origin_202112,3548708,264,0.0,2.379556750389346,"xgboost,sarima,catboost"
sifilis,1,origin_202112,3549805,264,2.0,1.2878779875803958,"xgboost,sarima,catboost"
sifilis,1,origin_202112,3549904,264,2.0,5.381630700743396,"xgboost,sarima,catboost"
sifilis,1,origin_202112,3550308,264,71.0,80.04010852293038,"xgboost,sarima,catboost"
sifilis,1,origin_202112,3551009,264,5.0,4.733283414547145,"xgboost,sarima,catboost"
sifilis,1,origin_202112,3552205,264,0.0,1.4518515977033644,"xgboost,sarima,catboost"
sifilis,1,origin_202112,3554102,264,1.0,0.25260713799672335,"xgboost,sarima,catboost"
sifilis,1,origin_202212,3505708,276,3.0,2.911409492511247,"xgboost,sarima,catboost"
sifilis,1,origin_202212,3506003,276,5.0,4.092553342869515,"xgboost,sarima,catboost"
sifilis,1,origin_202212,3509502,276,2.0,3.0280752867075282,"xgboost,sarima,catboost"
sifilis,1,origin_202212,3510609,276,5.0,3.470648265154107,"xgboost,sarima,catboost"
sifilis,1,origin_202212,3513801,276,7.0,4.582829882085153,"xgboost,sarima,catboost"
sifilis,1,origin_202212,3518701,276,2.0,2.409772350128506,"xgboost,sarima,catboost"
sifilis,1,origin_202212,3518800,276,14.0,13.647831621748702,"xgboost,sarima,catboost"
sifilis,1,origin_202212,3522208,276,0.0,0.36783048142829416,"xgboost,sarima,catboost"
sifilis,1,origin_202212,3525904,276,3.0,2.8411494728895352,"xgboost,sarima,catboost"
sifilis,1,origin_202212,3529401,276,1.0,0.45340868440441534,"xgboost,sarima,catboost"
sifilis,1,origin_202212,3534401,276,21.0,13.375188829012586,"xgboost,sarima,catboost"
sifilis,1,origin_202212,3536505,276,0.0,0.1389199188336398,"xgboost,sarima,catboost"
sifilis,1,origin_202212,3541000,276,13.0,11.366478816511082,"xgboost,sarima,catboost"
sifilis,1,origin_202212,3543402,276,3.0,4.223889254216786,"xgboost,sarima,catboost"
sifilis,1,origin_202212,3547809,276,5.0,4.80598101912539,"xgboost,sarima,catboost"
sifilis,1,origin_202212,3548500,276,4.0,4.654213653210033,"xgboost,sarima,catboost"
sifilis,1,origin_202212,3548708,276,2.0,1.9476766566867172,"xgboost,sarima,catboost"
sifilis,1,origin_202212,3549805,276,2.0,1.8055852742571865,"xgboost,sarima,catboost"
sifilis,1,origin_202212,3549904,276,4.0,4.5619417756316745,"xgboost,sarima,catboost"
sifilis,1,origin_202212,3550308,276,101.0,74.05107092663839,"xgboost,sarima,catboost"
sifilis,1,origin_202212,3551009,276,11.0,3.1805241996529006,"xgboost,sarima,catboost"
sifilis,1,origin_202212,3552205,276,9.0,5.2927604809251365,"xgboost,sarima,catboost"
sifilis,1,origin_202212,3554102,276,0.0,0.4555677158563695,"xgboost,sarima,catboost"
sifilis,3,origin_202112,3505708,266,1.0,2.6255565136001415,"prophet,deepar,xgboost"
sifilis,3,origin_202112,3506003,266,7.0,2.354593054706626,"prophet,deepar,xgboost"
sifilis,3,origin_202112,3509502,266,7.0,2.4111644213642007,"prophet,deepar,xgboost"
sifilis,3,origin_202112,3510609,266,0.0,0.9809612973935545,"prophet,deepar,xgboost"
sifilis,3,origin_202112,3513801,266,1.0,3.4801254810148237,"prophet,deepar,xgboost"
sifilis,3,origin_202112,3518701,266,4.0,2.7376962256670048,"prophet,deepar,xgboost"
sifilis,3,origin_202112,3518800,266,19.0,12.44242988214023,"prophet,deepar,xgboost"
sifilis,3,origin_202112,3522208,266,0.0,0.4893139329739476,"prophet,deepar,xgboost"
sifilis,3,origin_202112,3525904,266,5.0,3.4042508476281426,"prophet,deepar,xgboost"
sifilis,3,origin_202112,3529401,266,1.0,0.39788700802095583,"prophet,deepar,xgboost"
sifilis,3,origin_202112,3534401,266,9.0,10.57767535357763,"prophet,deepar,xgboost"
sifilis,3,origin_202112,3536505,266,0.0,0.1830495074391365,"prophet,deepar,xgboost"
sifilis,3,origin_202112,3541000,266,11.0,11.031297870911539,"prophet,deepar,xgboost"
sifilis,3,origin_202112,3543402,266,5.0,2.6922079993367554,"prophet,deepar,xgboost"
sifilis,3,origin_202112,3547809,266,3.0,5.289660081150909,"prophet,deepar,xgboost"
sifilis,3,origin_202112,3548500,266,1.0,3.2004638499783664,"prophet,deepar,xgboost"
sifilis,3,origin_202112,3548708,266,1.0,1.667071237905246,"prophet,deepar,xgboost"
sifilis,3,origin_202112,3549805,266,2.0,1.4411756546158898,"prophet,deepar,xgboost"
sifilis,3,origin_202112,3549904,266,7.0,4.74609572370197,"prophet,deepar,xgboost"
sifilis,3,origin_202112,3550308,266,84.0,72.46286582977281,"prophet,deepar,xgboost"
sifilis,3,origin_202112,3551009,266,3.0,5.46330380135339,"prophet,deepar,xgboost"
sifilis,3,origin_202112,3552205,266,9.0,1.2361032400001537,"prophet,deepar,xgboost"
sifilis,3,origin_202112,3554102,266,0.0,0.4232756092049785,"prophet,deepar,xgboost"
sifilis,3,origin_202212,3505708,278,1.0,2.466311195431833,"prophet,deepar,xgboost"
sifilis,3,origin_202212,3506003,278,2.0,3.9453220935414635,"prophet,deepar,xgboost"
sifilis,3,origin_202212,3509502,278,4.0,3.921547438833484,"prophet,deepar,xgboost"
sifilis,3,origin_202212,3510609,278,0.0,2.785512010813658,"prophet,deepar,xgboost"
sifilis,3,origin_202212,3513801,278,5.0,5.177383303329946,"prophet,deepar,xgboost"
sifilis,3,origin_202212,3518701,278,5.0,2.8580871518246362,"prophet,deepar,xgboost"
sifilis,3,origin_202212,3518800,278,21.0,16.13397317041815,"prophet,deepar,xgboost"
sifilis,3,origin_202212,3522208,278,1.0,0.7042561152474195,"prophet,deepar,xgboost"
sifilis,3,origin_202212,3525904,278,5.0,3.6594330905120263,"prophet,deepar,xgboost"
sifilis,3,origin_202212,3529401,278,0.0,0.4910525105893242,"prophet,deepar,xgboost"
sifilis,3,origin_202212,3534401,278,25.0,13.548424339005434,"prophet,deepar,xgboost"
sifilis,3,origin_202212,3536505,278,0.0,0.1760131667057673,"prophet,deepar,xgboost"
sifilis,3,origin_202212,3541000,278,24.0,10.090352748460122,"prophet,deepar,xgboost"
sifilis,3,origin_202212,3543402,278,4.0,4.213930516441355,"prophet,deepar,xgboost"
sifilis,3,origin_202212,3547809,278,7.0,5.981509900016082,"prophet,deepar,xgboost"
sifilis,3,origin_202212,3548500,278,3.0,4.5457353811252155,"prophet,deepar,xgboost"
sifilis,3,origin_202212,3548708,278,2.0,2.1736961689964236,"prophet,deepar,xgboost"
sifilis,3,origin_202212,3549805,278,1.0,2.0877633812697787,"prophet,deepar,xgboost"
sifilis,3,origin_202212,3549904,278,2.0,5.259655862249304,"prophet,deepar,xgboost"
sifilis,3,origin_202212,3550308,278,88.0,82.86021183877044,"prophet,deepar,xgboost"
sifilis,3,origin_202212,3551009,278,1.0,4.535383800421467,"prophet,deepar,xgboost"
sifilis,3,origin_202212,3552205,278,1.0,3.9464486808933277,"prophet,deepar,xgboost"
sifilis,3,origin_202212,3554102,278,0.0,0.8328247948626193,"prophet,deepar,xgboost"
sifilis,6,origin_202112,3505708,269,2.0,2.6484296470305755,"sarima,xgboost,catboost"
sifilis,6,origin_202112,3506003,269,3.0,3.5267346680889884,"sarima,xgboost,catboost"
sifilis,6,origin_202112,3509502,269,5.0,2.916752156866201,"sarima,xgboost,catboost"
sifilis,6,origin_202112,3510609,269,2.0,1.6617718501789438,"sarima,xgboost,catboost"
sifilis,6,origin_202112,3513801,269,13.0,5.285467759770808,"sarima,xgboost,catboost"
sifilis,6,origin_202112,3518701,269,4.0,5.979259763656768,"sarima,xgboost,catboost"
sifilis,6,origin_202112,3518800,269,19.0,13.762617459727352,"sarima,xgboost,catboost"
sifilis,6,origin_202112,3522208,269,0.0,0.5224542145533081,"sarima,xgboost,catboost"
sifilis,6,origin_202112,3525904,269,8.0,3.228908634845736,"sarima,xgboost,catboost"
sifilis,6,origin_202112,3529401,269,2.0,0.38343411702915486,"sarima,xgboost,catboost"
sifilis,6,origin_202112,3534401,269,16.0,10.932588805224869,"sarima,xgboost,catboost"
sifilis,6,origin_202112,3536505,269,0.0,0.1390592589595092,"sarima,xgboost,catboost"
sifilis,6,origin_202112,3541000,269,13.0,11.097888766807017,"sarima,xgboost,catboost"
sifilis,6,origin_202112,3543402,269,13.0,3.8906450747689463,"sarima,xgboost,catboost"
sifilis,6,origin_202112,3547809,269,3.0,6.976696361361237,"sarima,xgboost,catboost"
sifilis,6,origin_202112,3548500,269,6.0,4.264689145991426,"sarima,xgboost,catboost"
sifilis,6,origin_202112,3548708,269,6.0,2.4778746595547,"sarima,xgboost,catboost"
sifilis,6,origin_202112,3549805,269,2.0,1.0363427122952693,"sarima,xgboost,catboost"
sifilis,6,origin_202112,3549904,269,3.0,5.411211861823955,"sarima,xgboost,catboost"
sifilis,6,origin_202112,3550308,269,63.0,78.3360167805147,"sarima,xgboost,catboost"
sifilis,6,origin_202112,3551009,269,1.0,3.7136149417248263,"sarima,xgboost,catboost"
sifilis,6,origin_202112,3552205,269,4.0,1.4279167438251594,"sarima,xgboost,catboost"
sifilis,6,origin_202112,3554102,269,0.0,0.33934343884055757,"sarima,xgboost,catboost"
sifilis,6,origin_202212,3505708,281,0.0,2.7962192765317213,"sarima,xgboost,catboost"
sifilis,6,origin_202212,3506003,281,4.0,4.555611976238733,"sarima,xgboost,catboost"
sifilis,6,origin_202212,3509502,281,2.0,3.904877874575081,"sarima,xgboost,catboost"
sifilis,6,origin_202212,3510609,281,0.0,2.508887676302385,"sarima,xgboost,catboost"
sifilis,6,origin_202212,3513801,281,1.0,4.240024517145254,"sarima,xgboost,catboost"
sifilis,6,origin_202212,3518701,281,9.0,2.5007821340537206,"sarima,xgboost,catboost"
sifilis,6,origin_202212,3518800,281,15.0,14.49545658024246,"sarima,xgboost,catboost"
sifilis,6,origin_202212,3522208,281,1.0,0.39685872095377467,"sarima,xgboost,catboost"
sifilis,6,origin_202212,3525904,281,3.0,3.0176464812751718,"sarima,xgboost,catboost"
sifilis,6,origin_202212,3529401,281,0.0,0.6221458422019938,"sarima,xgboost,catboost"
sifilis,6,origin_202212,3534401,281,12.0,14.9939462879628,"sarima,xgboost,catboost"
sifilis,6,origin_202212,3536505,281,0.0,0.15013462406653094,"sarima,xgboost,catboost"
sifilis,6,origin_202212,3541000,281,16.0,12.258504635089679,"sarima,xgboost,catboost"
sifilis,6,origin_202212,3543402,281,5.0,4.987420447275248,"sarima,xgboost,catboost"
sifilis,6,origin_202212,3547809,281,6.0,5.569968499133332,"sarima,xgboost,catboost"
sifilis,6,origin_202212,3548500,281,3.0,4.550222534556043,"sarima,xgboost,catboost"
sifilis,6,origin_202212,3548708,281,3.0,2.247912700692002,"sarima,xgboost,catboost"
sifilis,6,origin_202212,3549805,281,2.0,2.1070006397368686,"sarima,xgboost,catboost"
sifilis,6,origin_202212,3549904,281,11.0,5.624321313047129,"sarima,xgboost,catboost"
sifilis,6,origin_202212,3550308,281,74.0,68.97239830502656,"sarima,xgboost,catboost"
sifilis,6,origin_202212,3551009,281,4.0,3.137817747717613,"sarima,xgboost,catboost"
sifilis,6,origin_202212,3552205,281,2.0,5.005759461282742,"sarima,xgboost,catboost"
sifilis,6,origin_202212,3554102,281,1.0,0.3444773429193669,"sarima,xgboost,catboost"
sifilis,12,origin_202112,3505708,275,5.0,2.769207339758218,"deepar,prophet,sarima"
sifilis,12,origin_202112,3506003,275,3.0,2.9545794084912944,"deepar,prophet,sarima"
sifilis,12,origin_202112,3509502,275,3.0,2.1395159949690696,"deepar,prophet,sarima"
sifilis,12,origin_202112,3510609,275,14.0,1.3800514354131976,"deepar,prophet,sarima"
sifilis,12,origin_202112,3513801,275,6.0,4.654318130866584,"deepar,prophet,sarima"
sifilis,12,origin_202112,3518701,275,5.0,4.041359828919869,"deepar,prophet,sarima"
sifilis,12,origin_202112,3518800,275,21.0,17.43919682422945,"deepar,prophet,sarima"
sifilis,12,origin_202112,3522208,275,0.0,0.4622528829375334,"deepar,prophet,sarima"
sifilis,12,origin_202112,3525904,275,2.0,3.3817133282468013,"deepar,prophet,sarima"
sifilis,12,origin_202112,3529401,275,0.0,0.41993552805023576,"deepar,prophet,sarima"
sifilis,12,origin_202112,3534401,275,10.0,10.980253111959973,"deepar,prophet,sarima"
sifilis,12,origin_202112,3536505,275,0.0,0.3993805956647933,"deepar,prophet,sarima"
sifilis,12,origin_202112,3541000,275,20.0,11.183837126501045,"deepar,prophet,sarima"
sifilis,12,origin_202112,3543402,275,7.0,3.470256358518043,"deepar,prophet,sarima"
sifilis,12,origin_202112,3547809,275,7.0,6.161052814266388,"deepar,prophet,sarima"
sifilis,12,origin_202112,3548500,275,4.0,3.6813023531265983,"deepar,prophet,sarima"
sifilis,12,origin_202112,3548708,275,2.0,1.989702308635972,"deepar,prophet,sarima"
sifilis,12,origin_202112,3549805,275,1.0,1.230795900045911,"deepar,prophet,sarima"
sifilis,12,origin_202112,3549904,275,9.0,5.432047930204594,"deepar,prophet,sarima"
sifilis,12,origin_202112,3550308,275,78.0,79.07394511273367,"deepar,prophet,sarima"
sifilis,12,origin_202112,3551009,275,3.0,6.483128451065197,"deepar,prophet,sarima"
sifilis,12,origin_202112,3552205,275,10.0,1.2052354080266916,"deepar,prophet,sarima"
sifilis,12,origin_202112,3554102,275,2.0,0.4517742325335208,"deepar,prophet,sarima"
sifilis,12,origin_202212,3505708,287,3.0,2.537902949768188,"deepar,prophet,sarima"
sifilis,12,origin_202212,3506003,287,6.0,4.131713026082049,"deepar,prophet,sarima"
sifilis,12,origin_202212,3509502,287,9.0,3.808341281223069,"deepar,prophet,sarima"
sifilis,12,origin_202212,3510609,287,1.0,3.229044100676738,"deepar,prophet,sarima"
sifilis,12,origin_202212,3513801,287,8.0,5.540294739545956,"deepar,prophet,sarima"
sifilis,12,origin_202212,3518701,287,4.0,2.65856126241449,"deepar,prophet,sarima"
sifilis,12,origin_202212,3518800,287,13.0,16.566320034676227,"deepar,prophet,sarima"
sifilis,12,origin_202212,3522208,287,0.0,0.5590937455034367,"deepar,prophet,sarima"
sifilis,12,origin_202212,3525904,287,3.0,3.085899853644348,"deepar,prophet,sarima"
sifilis,12,origin_202212,3529401,287,5.0,0.40198811261791617,"deepar,prophet,sarima"
sifilis,12,origin_202212,3534401,287,0.0,13.665276001104573,"deepar,prophet,sarima"
sifilis,12,origin_202212,3536505,287,0.0,0.41195460773247383,"deepar,prophet,sarima"
sifilis,12,origin_202212,3541000,287,13.0,10.254308897277301,"deepar,prophet,sarima"
sifilis,12,origin_202212,3543402,287,5.0,4.517132152254747,"deepar,prophet,sarima"
sifilis,12,origin_202212,3547809,287,6.0,6.3532304938877635,"deepar,prophet,sarima"
sifilis,12,origin_202212,3548500,287,3.0,4.436330714754,"deepar,prophet,sarima"
sifilis,12,origin_202212,3548708,287,2.0,2.103227775568329,"deepar,prophet,sarima"
sifilis,12,origin_202212,3549805,287,2.0,1.915587617778872,"deepar,prophet,sarima"
sifilis,12,origin_202212,3549904,287,11.0,5.686802363061408,"deepar,prophet,sarima"
sifilis,12,origin_202212,3550308,287,40.0,81.23611096621471,"deepar,prophet,sarima"
sifilis,12,origin_202212,3551009,287,10.0,4.352753171262623,"deepar,prophet,sarima"
sifilis,12,origin_202212,3552205,287,6.0,4.5810208929372385,"deepar,prophet,sarima"
sifilis,12,origin_202212,3554102,287,0.0,0.9232917972636329,"deepar,prophet,sarima"
tuberculose,1,origin_202112,3505708,264,2.0,2.0495331544699615,"prophet,seasonal_ma3,gru"
tuberculose,1,origin_202112,3506003,264,4.0,4.239697189855334,"prophet,seasonal_ma3,gru"
tuberculose,1,origin_202112,3509502,264,9.0,6.3240577492693335,"prophet,seasonal_ma3,gru"
tuberculose,1,origin_202112,3510609,264,0.0,6.587732521007484,"prophet,seasonal_ma3,gru"
tuberculose,1,origin_202112,3513801,264,2.0,4.2530857804766224,"prophet,seasonal_ma3,gru"
tuberculose,1,origin_202112,3518701,264,11.0,9.209619514523784,"prophet,seasonal_ma3,gru"
tuberculose,1,origin_202112,3518800,264,5.0,7.085766895500931,"prophet,seasonal_ma3,gru"
tuberculose,1,origin_202112,3522208,264,0.0,1.1472364408387203,"prophet,seasonal_ma3,gru"
tuberculose,1,origin_202112,3525904,264,2.0,0.23895379900932312,"prophet,seasonal_ma3,gru"
tuberculose,1,origin_202112,3529401,264,3.0,1.1056060070943399,"prophet,seasonal_ma3,gru"
tuberculose,1,origin_202112,3534401,264,9.0,6.107415702207454,"prophet,seasonal_ma3,gru"
tuberculose,1,origin_202112,3536505,264,0.0,0.6444579692528821,"prophet,seasonal_ma3,gru"
tuberculose,1,origin_202112,3541000,264,4.0,3.25762192076267,"prophet,seasonal_ma3,gru"
tuberculose,1,origin_202112,3543402,264,10.0,6.741120123062529,"prophet,seasonal_ma3,gru"
tuberculose,1,origin_202112,3547809,264,6.0,5.625353605514706,"prophet,seasonal_ma3,gru"
tuberculose,1,origin_202112,3548500,264,5.0,7.575956184655891,"prophet,seasonal_ma3,gru"
tuberculose,1,origin_202112,3548708,264,5.0,4.154888316754543,"prophet,seasonal_ma3,gru"
tuberculose,1,origin_202112,3549805,264,4.0,1.0081285902717587,"prophet,seasonal_ma3,gru"
tuberculose,1,origin_202112,3549904,264,3.0,0.8363520008390735,"prophet,seasonal_ma3,gru"
tuberculose,1,origin_202112,3550308,264,115.0,101.16064072950412,"prophet,seasonal_ma3,gru"
tuberculose,1,origin_202112,3551009,264,11.0,12.136288182245506,"prophet,seasonal_ma3,gru"
tuberculose,1,origin_202112,3552205,264,1.0,0.6579992466378682,"prophet,seasonal_ma3,gru"
tuberculose,1,origin_202112,3554102,264,1.0,3.5005717704637385,"prophet,seasonal_ma3,gru"
tuberculose,1,origin_202212,3505708,276,5.0,1.9816207927449534,"prophet,seasonal_ma3,gru"
tuberculose,1,origin_202212,3506003,276,7.0,4.467358124378844,"prophet,seasonal_ma3,gru"
tuberculose,1,origin_202212,3509502,276,22.0,7.67526769761992,"prophet,seasonal_ma3,gru"
tuberculose,1,origin_202212,3510609,276,11.0,5.420398571620805,"prophet,seasonal_ma3,gru"
tuberculose,1,origin_202212,3513801,276,6.0,4.309440169142428,"prophet,seasonal_ma3,gru"
tuberculose,1,origin_202212,3518701,276,7.0,10.665884238791378,"prophet,seasonal_ma3,gru"
tuberculose,1,origin_202212,3518800,276,1.0,6.7207910005569715,"prophet,seasonal_ma3,gru"
tuberculose,1,origin_202212,3522208,276,3.0,1.0817261432126004,"prophet,seasonal_ma3,gru"
tuberculose,1,origin_202212,3525904,276,1.0,0.8308581626558392,"prophet,seasonal_ma3,gru"
tuberculose,1,origin_202212,3529401,276,2.0,1.688539447309024,"prophet,seasonal_ma3,gru"
tuberculose,1,origin_202212,3534401,276,2.0,5.849090849230653,"prophet,seasonal_ma3,gru"
tuberculose,1,origin_202212,3536505,276,5.0,0.8716141502345366,"prophet,seasonal_ma3,gru"
tuberculose,1,origin_202212,3541000,276,2.0,3.750746405329005,"prophet,seasonal_ma3,gru"
tuberculose,1,origin_202212,3543402,276,9.0,7.319192095854198,"prophet,seasonal_ma3,gru"
tuberculose,1,origin_202212,3547809,276,2.0,6.133158509002459,"prophet,seasonal_ma3,gru"
tuberculose,1,origin_202212,3548500,276,9.0,7.618019894610451,"prophet,seasonal_ma3,gru"
tuberculose,1,origin_202212,3548708,276,8.0,4.389752825164861,"prophet,seasonal_ma3,gru"
tuberculose,1,origin_202212,3549805,276,3.0,2.0738448564364966,"prophet,seasonal_ma3,gru"
tuberculose,1,origin_202212,3549904,276,1.0,1.9296841815858379,"prophet,seasonal_ma3,gru"
tuberculose,1,origin_202212,3550308,276,121.0,104.43884483291122,"prophet,seasonal_ma3,gru"
tuberculose,1,origin_202212,3551009,276,7.0,12.943055626133322,"prophet,seasonal_ma3,gru"
tuberculose,1,origin_202212,3552205,276,1.0,1.0164233883091134,"prophet,seasonal_ma3,gru"
tuberculose,1,origin_202212,3554102,276,4.0,3.4682171120203162,"prophet,seasonal_ma3,gru"
tuberculose,3,origin_202112,3505708,266,3.0,2.128371234479643,"prophet,lgbm,xgboost"
tuberculose,3,origin_202112,3506003,266,2.0,5.567356212344891,"prophet,lgbm,xgboost"
tuberculose,3,origin_202112,3509502,266,11.0,5.43836320943181,"prophet,lgbm,xgboost"
tuberculose,3,origin_202112,3510609,266,1.0,4.271925553825005,"prophet,lgbm,xgboost"
tuberculose,3,origin_202112,3513801,266,7.0,3.146920859649676,"prophet,lgbm,xgboost"
tuberculose,3,origin_202112,3518701,266,12.0,7.5765257952459875,"prophet,lgbm,xgboost"
tuberculose,3,origin_202112,3518800,266,7.0,5.725208594045519,"prophet,lgbm,xgboost"
tuberculose,3,origin_202112,3522208,266,1.0,0.6446461816980333,"prophet,lgbm,xgboost"
tuberculose,3,origin_202112,3525904,266,2.0,1.143256503524171,"prophet,lgbm,xgboost"
tuberculose,3,origin_202112,3529401,266,1.0,1.5901488661762901,"prophet,lgbm,xgboost"
tuberculose,3,origin_202112,3534401,266,16.0,4.694139327964872,"prophet,lgbm,xgboost"
tuberculose,3,origin_202112,3536505,266,2.0,1.0397801771629351,"prophet,lgbm,xgboost"
tuberculose,3,origin_202112,3541000,266,3.0,2.5504475300967644,"prophet,lgbm,xgboost"
tuberculose,3,origin_202112,3543402,266,8.0,6.139643046287246,"prophet,lgbm,xgboost"
tuberculose,3,origin_202112,3547809,266,14.0,6.004502356331073,"prophet,lgbm,xgboost"
tuberculose,3,origin_202112,3548500,266,8.0,6.657255037882493,"prophet,lgbm,xgboost"
tuberculose,3,origin_202112,3548708,266,6.0,4.378024704697649,"prophet,lgbm,xgboost"
tuberculose,3,origin_202112,3549805,266,4.0,2.7866120789827975,"prophet,lgbm,xgboost"
tuberculose,3,origin_202112,3549904,266,3.0,0.5340969041612958,"prophet,lgbm,xgboost"
tuberculose,3,origin_202112,3550308,266,94.0,83.53634803057771,"prophet,lgbm,xgboost"
tuberculose,3,origin_202112,3551009,266,13.0,14.725154841666216,"prophet,lgbm,xgboost"
tuberculose,3,origin_202112,3552205,266,1.0,0.5054405333811597,"prophet,lgbm,xgboost"
tuberculose,3,origin_202112,3554102,266,2.0,2.4706306654849413,"prophet,lgbm,xgboost"
tuberculose,3,origin_202212,3505708,278,4.0,2.466006960429103,"prophet,lgbm,xgboost"
tuberculose,3,origin_202212,3506003,278,4.0,5.174061540233246,"prophet,lgbm,xgboost"
tuberculose,3,origin_202212,3509502,278,12.0,10.70339444226507,"prophet,lgbm,xgboost"
tuberculose,3,origin_202212,3510609,278,10.0,3.878261344382622,"prophet,lgbm,xgboost"
tuberculose,3,origin_202212,3513801,278,5.0,4.348391273018796,"prophet,lgbm,xgboost"
tuberculose,3,origin_202212,3518701,278,13.0,9.4298684313816,"prophet,lgbm,xgboost"
tuberculose,3,origin_202212,3518800,278,7.0,6.152107839544495,"prophet,lgbm,xgboost"
tuberculose,3,origin_202212,3522208,278,1.0,0.778353577365993,"prophet,lgbm,xgboost"
tuberculose,3,origin_202212,3525904,278,4.0,1.7663972219412347,"prophet,lgbm,xgboost"
tuberculose,3,origin_202212,3529401,278,6.0,1.7211681127206477,"prophet,lgbm,xgboost"
tuberculose,3,origin_202212,3534401,278,7.0,6.053747020868983,"prophet,lgbm,xgboost"
tuberculose,3,origin_202212,3536505,278,0.0,1.1237453119320373,"prophet,lgbm,xgboost"
tuberculose,3,origin_202212,3541000,278,7.0,4.290438324236439,"prophet,lgbm,xgboost"
tuberculose,3,origin_202212,3543402,278,2.0,7.819169922254351,"prophet,lgbm,xgboost"
tuberculose,3,origin_202212,3547809,278,8.0,7.490317630901797,"prophet,lgbm,xgboost"
tuberculose,3,origin_202212,3548500,278,12.0,8.605648249255447,"prophet,lgbm,xgboost"
tuberculose,3,origin_202212,3548708,278,12.0,5.3088147658114595,"prophet,lgbm,xgboost"
tuberculose,3,origin_202212,3549805,278,2.0,2.322047924720782,"prophet,lgbm,xgboost"
tuberculose,3,origin_202212,3549904,278,0.0,1.9943919392698681,"prophet,lgbm,xgboost"
tuberculose,3,origin_202212,3550308,278,134.0,91.51898853272844,"prophet,lgbm,xgboost"
tuberculose,3,origin_202212,3551009,278,14.0,12.3619187226278,"prophet,lgbm,xgboost"
tuberculose,3,origin_202212,3552205,278,1.0,0.5504705028206244,"prophet,lgbm,xgboost"
tuberculose,3,origin_202212,3554102,278,0.0,2.206650577771598,"prophet,lgbm,xgboost"
tuberculose,6,origin_202112,3505708,269,1.0,3.2035024613483447,"xgboost,sarima,catboost"
tuberculose,6,origin_202112,3506003,269,4.0,4.923969057961872,"xgboost,sarima,catboost"
tuberculose,6,origin_202112,3509502,269,10.0,5.477850520207589,"xgboost,sarima,catboost"
tuberculose,6,origin_202112,3510609,269,6.0,4.326497069290114,"xgboost,sarima,catboost"
tuberculose,6,origin_202112,3513801,269,6.0,2.7688528081141093,"xgboost,sarima,catboost"
tuberculose,6,origin_202112,3518701,269,15.0,8.091963295532626,"xgboost,sarima,catboost"
tuberculose,6,origin_202112,3518800,269,2.0,5.284139005321344,"xgboost,sarima,catboost"
tuberculose,6,origin_202112,3522208,269,0.0,0.5877340667894707,"xgboost,sarima,catboost"
tuberculose,6,origin_202112,3525904,269,2.0,1.8488221133544522,"xgboost,sarima,catboost"
tuberculose,6,origin_202112,3529401,269,1.0,1.2996852561190513,"xgboost,sarima,catboost"
tuberculose,6,origin_202112,3534401,269,14.0,4.305233109502013,"xgboost,sarima,catboost"
tuberculose,6,origin_202112,3536505,269,2.0,0.9010979455050766,"xgboost,sarima,catboost"
tuberculose,6,origin_202112,3541000,269,5.0,1.8478786069300928,"xgboost,sarima,catboost"
tuberculose,6,origin_202112,3543402,269,13.0,6.563069778457778,"xgboost,sarima,catboost"
tuberculose,6,origin_202112,3547809,269,2.0,6.258401443422716,"xgboost,sarima,catboost"
tuberculose,6,origin_202112,3548500,269,7.0,6.694951233721542,"xgboost,sarima,catboost"
tuberculose,6,origin_202112,3548708,269,6.0,4.095233351758275,"xgboost,sarima,catboost"
tuberculose,6,origin_202112,3549805,269,1.0,3.226337268625066,"xgboost,sarima,catboost"
tuberculose,6,origin_202112,3549904,269,1.0,0.9013152076734858,"xgboost,sarima,catboost"
tuberculose,6,origin_202112,3550308,269,85.0,83.63316920436024,"xgboost,sarima,catboost"
tuberculose,6,origin_202112,3551009,269,12.0,17.804331918815983,"xgboost,sarima,catboost"
tuberculose,6,origin_202112,3552205,269,0.0,0.7182300629645092,"xgboost,sarima,catboost"
tuberculose,6,origin_202112,3554102,269,3.0,3.1221203741611885,"xgboost,sarima,catboost"
tuberculose,6,origin_202212,3505708,281,1.0,2.791930138557845,"xgboost,sarima,catboost"
tuberculose,6,origin_202212,3506003,281,13.0,4.151240067767522,"xgboost,sarima,catboost"
tuberculose,6,origin_202212,3509502,281,5.0,13.381191715750193,"xgboost,sarima,catboost"
tuberculose,6,origin_202212,3510609,281,2.0,3.3957162230957523,"xgboost,sarima,catboost"
tuberculose,6,origin_202212,3513801,281,13.0,3.5261362258786715,"xgboost,sarima,catboost"
tuberculose,6,origin_202212,3518701,281,10.0,9.546079704897439,"xgboost,sarima,catboost"
tuberculose,6,origin_202212,3518800,281,6.0,5.428878859387157,"xgboost,sarima,catboost"
tuberculose,6,origin_202212,3522208,281,1.0,0.822001344182386,"xgboost,sarima,catboost"
tuberculose,6,origin_202212,3525904,281,2.0,2.062762783032643,"xgboost,sarima,catboost"
tuberculose,6,origin_202212,3529401,281,1.0,1.5765745266536522,"xgboost,sarima,catboost"
tuberculose,6,origin_202212,3534401,281,9.0,5.41796263343737,"xgboost,sarima,catboost"
tuberculose,6,origin_202212,3536505,281,2.0,1.0353928167308295,"xgboost,sarima,catboost"
tuberculose,6,origin_202212,3541000,281,8.0,4.140435688670102,"xgboost,sarima,catboost"
tuberculose,6,origin_202212,3543402,281,8.0,9.898082232772394,"xgboost,sarima,catboost"
tuberculose,6,origin_202212,3547809,281,7.0,6.605622425237205,"xgboost,sarima,catboost"
tuberculose,6,origin_202212,3548500,281,8.0,8.8763692874958,"xgboost,sarima,catboost"
tuberculose,6,origin_202212,3548708,281,11.0,5.0265552516490635,"xgboost,sarima,catboost"
tuberculose,6,origin_202212,3549805,281,3.0,2.1864843741304023,"xgboost,sarima,catboost"
tuberculose,6,origin_202212,3549904,281,0.0,2.770380984222804,"xgboost,sarima,catboost"
tuberculose,6,origin_202212,3550308,281,108.0,87.18262149845891,"xgboost,sarima,catboost"
tuberculose,6,origin_202212,3551009,281,10.0,11.221256672557805,"xgboost,sarima,catboost"
tuberculose,6,origin_202212,3552205,281,4.0,0.8349151978536904,"xgboost,sarima,catboost"
tuberculose,6,origin_202212,3554102,281,2.0,1.920789456039704,"xgboost,sarima,catboost"
tuberculose,12,origin_202112,3505708,275,4.0,2.2031482302005783,"seasonal_ma3,lgbm,tft"
tuberculose,12,origin_202112,3506003,275,2.0,5.64189552942601,"seasonal_ma3,lgbm,tft"
tuberculose,12,origin_202112,3509502,275,13.0,6.858182831095377,"seasonal_ma3,lgbm,tft"
tuberculose,12,origin_202112,3510609,275,1.0,4.24989757779911,"seasonal_ma3,lgbm,tft"
tuberculose,12,origin_202112,3513801,275,4.0,3.4306222373178774,"seasonal_ma3,lgbm,tft"
tuberculose,12,origin_202112,3518701,275,7.0,6.768061672629358,"seasonal_ma3,lgbm,tft"
tuberculose,12,origin_202112,3518800,275,8.0,5.1489583160446095,"seasonal_ma3,lgbm,tft"
tuberculose,12,origin_202112,3522208,275,0.0,0.9259097970993272,"seasonal_ma3,lgbm,tft"
tuberculose,12,origin_202112,3525904,275,3.0,1.2148229426097945,"seasonal_ma3,lgbm,tft"
tuberculose,12,origin_202112,3529401,275,1.0,0.669227496235973,"seasonal_ma3,lgbm,tft"
tuberculose,12,origin_202112,3534401,275,5.0,4.327634427792456,"seasonal_ma3,lgbm,tft"
tuberculose,12,origin_202112,3536505,275,0.0,0.8570835649405906,"seasonal_ma3,lgbm,tft"
tuberculose,12,origin_202112,3541000,275,8.0,2.99766961001901,"seasonal_ma3,lgbm,tft"
tuberculose,12,origin_202112,3543402,275,13.0,9.159833947538402,"seasonal_ma3,lgbm,tft"
tuberculose,12,origin_202112,3547809,275,5.0,6.059543973061519,"seasonal_ma3,lgbm,tft"
tuberculose,12,origin_202112,3548500,275,12.0,5.845741246831079,"seasonal_ma3,lgbm,tft"
tuberculose,12,origin_202112,3548708,275,6.0,4.717101907861738,"seasonal_ma3,lgbm,tft"
tuberculose,12,origin_202112,3549805,275,2.0,2.1149783045148127,"seasonal_ma3,lgbm,tft"
tuberculose,12,origin_202112,3549904,275,5.0,0.8564503510818976,"seasonal_ma3,lgbm,tft"
tuberculose,12,origin_202112,3550308,275,103.0,90.97629343219359,"seasonal_ma3,lgbm,tft"
tuberculose,12,origin_202112,3551009,275,12.0,10.860151746434369,"seasonal_ma3,lgbm,tft"
tuberculose,12,origin_202112,3552205,275,2.0,0.70657954274483,"seasonal_ma3,lgbm,tft"
tuberculose,12,origin_202112,3554102,275,1.0,3.62237986827866,"seasonal_ma3,lgbm,tft"
tuberculose,12,origin_202212,3505708,287,5.0,3.098554391368946,"seasonal_ma3,lgbm,tft"
tuberculose,12,origin_202212,3506003,287,3.0,5.318305635629116,"seasonal_ma3,lgbm,tft"
tuberculose,12,origin_202212,3509502,287,8.0,11.813589178138917,"seasonal_ma3,lgbm,tft"
tuberculose,12,origin_202212,3510609,287,7.0,4.697823490189971,"seasonal_ma3,lgbm,tft"
tuberculose,12,origin_202212,3513801,287,4.0,3.6984778909304645,"seasonal_ma3,lgbm,tft"
tuberculose,12,origin_202212,3518701,287,11.0,8.071975638054923,"seasonal_ma3,lgbm,tft"
tuberculose,12,origin_202212,3518800,287,7.0,6.148165686770919,"seasonal_ma3,lgbm,tft"
tuberculose,12,origin_202212,3522208,287,3.0,1.2549473545807102,"seasonal_ma3,lgbm,tft"
tuberculose,12,origin_202212,3525904,287,1.0,1.7684594153173474,"seasonal_ma3,lgbm,tft"
tuberculose,12,origin_202212,3529401,287,1.0,1.324626948631668,"seasonal_ma3,lgbm,tft"
tuberculose,12,origin_202212,3534401,287,3.0,5.476047284883745,"seasonal_ma3,lgbm,tft"
tuberculose,12,origin_202212,3536505,287,3.0,0.8902558722014696,"seasonal_ma3,lgbm,tft"
tuberculose,12,origin_202212,3541000,287,3.0,3.427036306242165,"seasonal_ma3,lgbm,tft"
tuberculose,12,origin_202212,3543402,287,12.0,10.443079508250102,"seasonal_ma3,lgbm,tft"
tuberculose,12,origin_202212,3547809,287,7.0,7.450366602281392,"seasonal_ma3,lgbm,tft"
tuberculose,12,origin_202212,3548500,287,9.0,9.368815323071415,"seasonal_ma3,lgbm,tft"
tuberculose,12,origin_202212,3548708,287,4.0,5.502788396907246,"seasonal_ma3,lgbm,tft"
tuberculose,12,origin_202212,3549805,287,1.0,2.3182868762510247,"seasonal_ma3,lgbm,tft"
tuberculose,12,origin_202212,3549904,287,3.0,1.8861095283747724,"seasonal_ma3,lgbm,tft"
tuberculose,12,origin_202212,3550308,287,74.0,96.36871938235386,"seasonal_ma3,lgbm,tft"
tuberculose,12,origin_202212,3551009,287,11.0,13.563780193359635,"seasonal_ma3,lgbm,tft"
tuberculose,12,origin_202212,3552205,287,1.0,0.8045237605289864,"seasonal_ma3,lgbm,tft"
tuberculose,12,origin_202212,3554102,287,2.0,2.76952495901063,"seasonal_ma3,lgbm,tft"
