disease,feature,importance_norm
hanseniase,dens_demog,0.02123043394220489
hanseniase,evapot_l0,0.013377907703446093
hanseniase,evapot_l1,0.01440157068155308
hanseniase,evapot_l12,0.013707608623731516
hanseniase,evapot_l3,0.014864767792971233
hanseniase,mun_id,0.05247782539780155
hanseniase,n_hanseniase_l0,0.04444010517668764
hanseniase,n_hanseniase_l1,0.029472656728062454
hanseniase,n_hanseniase_l12,0.008849118148730467
hanseniase,n_hanseniase_l13,0.012161801928470486
hanseniase,n_hanseniase_l2,0.011314759168646856
hanseniase,n_hanseniase_l3,0.012806268250324007
hanseniase,n_hanseniase_l6,0.010489063702870574
hanseniase,n_hanseniase_r12,0.1271383743893835
hanseniase,n_hanseniase_r3,0.10636697150713666
hanseniase,n_hanseniase_r6,0.1070092056407461
hanseniase,populacao,0.04312189978194685
hanseniase,ppc,0.044674715944899614
hanseniase,precip_l0,0.018236124452947165
hanseniase,precip_l1,0.016370239765401296
hanseniase,precip_l12,0.017921485117800864
hanseniase,precip_l3,0.02047321833036989
hanseniase,temp_max_l0,0.015423412836292644
hanseniase,temp_max_l1,0.017185922234287113
hanseniase,temp_max_l12,0.017032430289951248
hanseniase,temp_max_l3,0.01474252449067807
hanseniase,temp_min_l0,0.01766279537082039
hanseniase,temp_min_l1,0.015780605343697116
hanseniase,temp_min_l12,0.016845898524085953
hanseniase,temp_min_l3,0.019022803304390525
hanseniase,tgt_month,0.008583657546479969
hanseniase,umid_l0,0.01952783367133687
hanseniase,umid_l1,0.01812227735117372
hanseniase,umid_l12,0.0162971066356085
hanseniase,umid_l3,0.01768026608294906
hanseniase,urbanizacao,0.02518633955341058
hepatite,dens_demog,0.015963262773404187
hepatite,evapot_l0,0.010511552676409937
hepatite,evapot_l1,0.010598506897312225
hepatite,evapot_l12,0.010534632879543739
hepatite,evapot_l3,0.011087937094491034
hepatite,mun_id,0.02779870585447367
hepatite,n_hepatite_l0,0.10040688969997184
hepatite,n_hepatite_l1,0.03761265087223354
hepatite,n_hepatite_l12,0.007507856518263681
hepatite,n_hepatite_l13,0.008162710906429371
hepatite,n_hepatite_l2,0.011033478109749298
hepatite,n_hepatite_l3,0.013344453145831279
hepatite,n_hepatite_l6,0.007892663474038922
hepatite,n_hepatite_r12,0.14704954817820282
hepatite,n_hepatite_r3,0.10143607530567866
hepatite,n_hepatite_r6,0.14545174902824307
hepatite,populacao,0.023312395624527055
hepatite,ppc,0.049013812100305094
hepatite,precip_l0,0.016752586382289682
hepatite,precip_l1,0.01645269654921091
hepatite,precip_l12,0.014873760479023853
hepatite,precip_l3,0.01575314255916036
hepatite,temp_max_l0,0.012579977118364968
hepatite,temp_max_l1,0.013418217516957603
hepatite,temp_max_l12,0.011496403788661255
hepatite,temp_max_l3,0.013515156977792478
hepatite,temp_min_l0,0.012863594599915734
hepatite,temp_min_l1,0.013584332672128968
hepatite,temp_min_l12,0.013141788482289975
hepatite,temp_min_l3,0.014294812488439288
hepatite,tgt_month,0.008206597438670653
hepatite,umid_l0,0.016863128041956287
hepatite,umid_l1,0.014017947981402353
hepatite,umid_l12,0.016136081239688824
hepatite,umid_l3,0.014399861240161203
hepatite,urbanizacao,0.022931027437927465
hiv_aids,dens_demog,0.01855710634984567
hiv_aids,evapot_l0,0.007955031826195723
hiv_aids,evapot_l1,0.008418011910078288
hiv_aids,evapot_l12,0.009855900802959231
hiv_aids,evapot_l3,0.008744701063430916
hiv_aids,mun_id,0.023373940234628257
hiv_aids,n_hiv_aids_l0,0.03346655057914218
hiv_aids,n_hiv_aids_l1,0.02374914249580271
hiv_aids,n_hiv_aids_l12,0.022175554479090726
hiv_aids,n_hiv_aids_l13,0.02090271608386393
hiv_aids,n_hiv_aids_l2,0.02066481357279448
hiv_aids,n_hiv_aids_l3,0.022469878065350543
hiv_aids,n_hiv_aids_l6,0.019621515481056274
hiv_aids,n_hiv_aids_r12,0.14343309618824418
hiv_aids,n_hiv_aids_r3,0.18032147888411207
hiv_aids,n_hiv_aids_r6,0.1929757118480785
hiv_aids,populacao,0.02918551255252136
hiv_aids,ppc,0.02336704018125965
hiv_aids,precip_l0,0.010648515975310172
hiv_aids,precip_l1,0.010770017501834936
hiv_aids,precip_l12,0.008997454953943475
hiv_aids,precip_l3,0.011603223172961747
hiv_aids,temp_max_l0,0.009154238800986475
hiv_aids,temp_max_l1,0.008525334679940235
hiv_aids,temp_max_l12,0.00951465886033062
hiv_aids,temp_max_l3,0.008402722906969749
hiv_aids,temp_min_l0,0.00908158842560808
hiv_aids,temp_min_l1,0.008907346575412643
hiv_aids,temp_min_l12,0.010151900725111919
hiv_aids,temp_min_l3,0.010316003225923133
hiv_aids,tgt_month,0.0071504666939923795
hiv_aids,umid_l0,0.01055246386405864
hiv_aids,umid_l1,0.011387072134995813
hiv_aids,umid_l12,0.010296237103728123
hiv_aids,umid_l3,0.011847276110340343
hiv_aids,urbanizacao,0.023455764055838994
sifilis,dens_demog,0.03195128439631952
sifilis,evapot_l0,0.012160278234561764
sifilis,evapot_l1,0.011042052100051934
sifilis,evapot_l12,0.01108146830868806
sifilis,evapot_l3,0.013629949926430032
sifilis,mun_id,0.026794575574894636
sifilis,n_sifilis_l0,0.01881907785158024
sifilis,n_sifilis_l1,0.012851445304260446
sifilis,n_sifilis_l12,0.01269635994723127
sifilis,n_sifilis_l13,0.014797162761441753
sifilis,n_sifilis_l2,0.01226791422762701
sifilis,n_sifilis_l3,0.013832261219139596
sifilis,n_sifilis_l6,0.017485508305631798
sifilis,n_sifilis_r12,0.1803994399646293
sifilis,n_sifilis_r3,0.0809914117402521
sifilis,n_sifilis_r6,0.1859227386433653
sifilis,populacao,0.05781269191931345
sifilis,ppc,0.029728641285843262
sifilis,precip_l0,0.01508701819749493
sifilis,precip_l1,0.01446866022808388
sifilis,precip_l12,0.016319161402469317
sifilis,precip_l3,0.01601071284360416
sifilis,temp_max_l0,0.012097686984592066
sifilis,temp_max_l1,0.011894646589821327
sifilis,temp_max_l12,0.011867798731437174
sifilis,temp_max_l3,0.013614351808069117
sifilis,temp_min_l0,0.012308780425530673
sifilis,temp_min_l1,0.012850573388344487
sifilis,temp_min_l12,0.01434685448201164
sifilis,temp_min_l3,0.013556041804345437
sifilis,tgt_month,0.00960677176386349
sifilis,umid_l0,0.013065236190490444
sifilis,umid_l1,0.014113453268954967
sifilis,umid_l12,0.015077657504937935
sifilis,umid_l3,0.0150430107902597
sifilis,urbanizacao,0.02440733160753096
tuberculose,dens_demog,0.02201196738310231
tuberculose,evapot_l0,0.007922228316346548
tuberculose,evapot_l1,0.008084829895582988
tuberculose,evapot_l12,0.008158380895828316
tuberculose,evapot_l3,0.009525866871153392
tuberculose,mun_id,0.044699517643459
tuberculose,n_tuberculose_l0,0.06281244577416543
tuberculose,n_tuberculose_l1,0.027652896906882243
tuberculose,n_tuberculose_l12,0.012242219283357435
tuberculose,n_tuberculose_l13,0.021172104546379935
tuberculose,n_tuberculose_l2,0.015975237490763256
tuberculose,n_tuberculose_l3,0.014618869364037933
tuberculose,n_tuberculose_l6,0.013892692004448738
tuberculose,n_tuberculose_r12,0.11038474684468685
tuberculose,n_tuberculose_r3,0.16723607328644907
tuberculose,n_tuberculose_r6,0.1545232580699334
tuberculose,populacao,0.03573135085805524
tuberculose,ppc,0.051474158958870316
tuberculose,precip_l0,0.012199064017702361
tuberculose,precip_l1,0.010756368525234062
tuberculose,precip_l12,0.013000130555750175
tuberculose,precip_l3,0.012189240159134774
tuberculose,temp_max_l0,0.008945208223050035
tuberculose,temp_max_l1,0.008271451390041614
tuberculose,temp_max_l12,0.010649317256666584
tuberculose,temp_max_l3,0.009966891329647428
tuberculose,temp_min_l0,0.009970307001881768
tuberculose,temp_min_l1,0.009402995170764608
tuberculose,temp_min_l12,0.010347105316947576
tuberculose,temp_min_l3,0.012001892747735395
tuberculose,tgt_month,0.00773816948230751
tuberculose,umid_l0,0.014202147429190548
tuberculose,umid_l1,0.013081095492385448
tuberculose,umid_l12,0.012510798519517924
tuberculose,umid_l3,0.013832667117231223
tuberculose,urbanizacao,0.022816306587988815
